kab_kota,tahun,bulan,TB_SO,TB_RO,total_TB,proporsi_RO,bulan_num,date
Kab. Bandung,2020,Januari,937.0,1.0,938.0,0.0010660980810234541,1,2020-01-01
Kab. Bandung,2020,Februari,704.0,3.0,707.0,0.004243281471004243,2,2020-02-01
Kab. Bandung,2020,Maret,737.0,2.0,739.0,0.0027063599458728013,3,2020-03-01
Kab. Bandung,2020,April,431.0,1.0,432.0,0.0023148148148148147,4,2020-04-01
Kab. Bandung,2020,Mei,364.0,0.0,364.0,0.0,5,2020-05-01
Kab. Bandung,2020,Juni,529.0,1.0,530.0,0.0018867924528301887,6,2020-06-01
Kab. Bandung,2020,Juli,594.0,7.0,601.0,0.011647254575707155,7,2020-07-01
Kab. Bandung,2020,Agustus,438.0,4.0,442.0,0.00904977375565611,8,2020-08-01
Kab. Bandung,2020,September,548.0,2.0,550.0,0.0036363636363636364,9,2020-09-01
Kab. Bandung,2020,Oktober,522.0,5.0,527.0,0.009487666034155597,10,2020-10-01
Kab. Bandung,2020,November,454.0,6.0,460.0,0.013043478260869565,11,2020-11-01
Kab. Bandung,2020,Desember,398.0,3.0,401.0,0.007481296758104738,12,2020-12-01
Kab. Bandung Barat,2020,Januari,256.0,1.0,257.0,0.0038910505836575876,1,2020-01-01
Kab. Bandung Barat,2020,Februari,228.0,3.0,231.0,0.012987012987012988,2,2020-02-01
Kab. Bandung Barat,2020,Maret,183.0,3.0,186.0,0.016129032258064516,3,2020-03-01
Kab. Bandung Barat,2020,April,83.0,0.0,83.0,0.0,4,2020-04-01
Kab. Bandung Barat,2020,Mei,54.0,1.0,55.0,0.01818181818181818,5,2020-05-01
Kab. Bandung Barat,2020,Juni,150.0,2.0,152.0,0.013157894736842105,6,2020-06-01
Kab. Bandung Barat,2020,Juli,142.0,3.0,145.0,0.020689655172413793,7,2020-07-01
Kab. Bandung Barat,2020,Agustus,118.0,2.0,120.0,0.016666666666666666,8,2020-08-01
Kab. Bandung Barat,2020,September,129.0,3.0,132.0,0.022727272727272728,9,2020-09-01
Kab. Bandung Barat,2020,Oktober,127.0,4.0,131.0,0.030534351145038167,10,2020-10-01
Kab. Bandung Barat,2020,November,112.0,1.0,113.0,0.008849557522123894,11,2020-11-01
Kab. Bandung Barat,2020,Desember,107.0,3.0,110.0,0.02727272727272727,12,2020-12-01
Kab. Bekasi,2020,Januari,728.0,2.0,730.0,0.0027397260273972603,1,2020-01-01
Kab. Bekasi,2020,Februari,582.0,1.0,583.0,0.0017152658662092624,2,2020-02-01
Kab. Bekasi,2020,Maret,585.0,2.0,587.0,0.0034071550255536627,3,2020-03-01
Kab. Bekasi,2020,April,364.0,2.0,366.0,0.00546448087431694,4,2020-04-01
Kab. Bekasi,2020,Mei,253.0,0.0,253.0,0.0,5,2020-05-01
Kab. Bekasi,2020,Juni,405.0,3.0,408.0,0.007352941176470588,6,2020-06-01
Kab. Bekasi,2020,Juli,360.0,4.0,364.0,0.01098901098901099,7,2020-07-01
Kab. Bekasi,2020,Agustus,381.0,1.0,382.0,0.002617801047120419,8,2020-08-01
Kab. Bekasi,2020,September,353.0,2.0,355.0,0.005633802816901409,9,2020-09-01
Kab. Bekasi,2020,Oktober,340.0,1.0,341.0,0.002932551319648094,10,2020-10-01
Kab. Bekasi,2020,November,422.0,1.0,423.0,0.002364066193853428,11,2020-11-01
Kab. Bekasi,2020,Desember,295.0,2.0,297.0,0.006734006734006734,12,2020-12-01
Kab. Bogor,2020,Januari,1603.0,60.0,1663.0,0.03607937462417318,1,2020-01-01
Kab. Bogor,2020,Februari,1469.0,56.0,1525.0,0.036721311475409836,2,2020-02-01
Kab. Bogor,2020,Maret,1319.0,63.0,1382.0,0.045586107091172216,3,2020-03-01
Kab. Bogor,2020,April,891.0,33.0,924.0,0.03571428571428571,4,2020-04-01
Kab. Bogor,2020,Mei,709.0,18.0,727.0,0.024759284731774415,5,2020-05-01
Kab. Bogor,2020,Juni,1101.0,36.0,1137.0,0.0316622691292876,6,2020-06-01
Kab. Bogor,2020,Juli,1260.0,43.0,1303.0,0.03300076745970836,7,2020-07-01
Kab. Bogor,2020,Agustus,1072.0,41.0,1113.0,0.036837376460017966,8,2020-08-01
Kab. Bogor,2020,September,964.0,36.0,1000.0,0.036,9,2020-09-01
Kab. Bogor,2020,Oktober,822.0,32.0,854.0,0.03747072599531616,10,2020-10-01
Kab. Bogor,2020,November,875.0,43.0,918.0,0.046840958605664486,11,2020-11-01
Kab. Bogor,2020,Desember,727.0,30.0,757.0,0.03963011889035667,12,2020-12-01
Kab. Ciamis,2020,Januari,207.0,1.0,208.0,0.004807692307692308,1,2020-01-01
Kab. Ciamis,2020,Februari,166.0,3.0,169.0,0.01775147928994083,2,2020-02-01
Kab. Ciamis,2020,Maret,181.0,2.0,183.0,0.01092896174863388,3,2020-03-01
Kab. Ciamis,2020,April,122.0,0.0,122.0,0.0,4,2020-04-01
Kab. Ciamis,2020,Mei,82.0,0.0,82.0,0.0,5,2020-05-01
Kab. Ciamis,2020,Juni,155.0,1.0,156.0,0.00641025641025641,6,2020-06-01
Kab. Ciamis,2020,Juli,130.0,3.0,133.0,0.022556390977443608,7,2020-07-01
Kab. Ciamis,2020,Agustus,119.0,1.0,120.0,0.008333333333333333,8,2020-08-01
Kab. Ciamis,2020,September,144.0,0.0,144.0,0.0,9,2020-09-01
Kab. Ciamis,2020,Oktober,99.0,1.0,100.0,0.01,10,2020-10-01
Kab. Ciamis,2020,November,121.0,5.0,126.0,0.03968253968253968,11,2020-11-01
Kab. Ciamis,2020,Desember,119.0,0.0,119.0,0.0,12,2020-12-01
Kab. Cianjur,2020,Januari,652.0,17.0,669.0,0.025411061285500747,1,2020-01-01
Kab. Cianjur,2020,Februari,583.0,15.0,598.0,0.02508361204013378,2,2020-02-01
Kab. Cianjur,2020,Maret,569.0,13.0,582.0,0.022336769759450172,3,2020-03-01
Kab. Cianjur,2020,April,346.0,4.0,350.0,0.011428571428571429,4,2020-04-01
Kab. Cianjur,2020,Mei,262.0,1.0,263.0,0.0038022813688212928,5,2020-05-01
Kab. Cianjur,2020,Juni,380.0,3.0,383.0,0.007832898172323759,6,2020-06-01
Kab. Cianjur,2020,Juli,513.0,8.0,521.0,0.015355086372360844,7,2020-07-01
Kab. Cianjur,2020,Agustus,405.0,9.0,414.0,0.021739130434782608,8,2020-08-01
Kab. Cianjur,2020,September,421.0,4.0,425.0,0.009411764705882352,9,2020-09-01
Kab. Cianjur,2020,Oktober,408.0,6.0,414.0,0.014492753623188406,10,2020-10-01
Kab. Cianjur,2020,November,365.0,4.0,369.0,0.01084010840108401,11,2020-11-01
Kab. Cianjur,2020,Desember,318.0,4.0,322.0,0.012422360248447204,12,2020-12-01
Kab. Cirebon,2020,Januari,561.0,9.0,570.0,0.015789473684210527,1,2020-01-01
Kab. Cirebon,2020,Februari,456.0,7.0,463.0,0.01511879049676026,2,2020-02-01
Kab. Cirebon,2020,Maret,436.0,5.0,441.0,0.011337868480725623,3,2020-03-01
Kab. Cirebon,2020,April,242.0,4.0,246.0,0.016260162601626018,4,2020-04-01
Kab. Cirebon,2020,Mei,194.0,1.0,195.0,0.005128205128205128,5,2020-05-01
Kab. Cirebon,2020,Juni,335.0,7.0,342.0,0.02046783625730994,6,2020-06-01
Kab. Cirebon,2020,Juli,355.0,4.0,359.0,0.011142061281337047,7,2020-07-01
Kab. Cirebon,2020,Agustus,275.0,3.0,278.0,0.01079136690647482,8,2020-08-01
Kab. Cirebon,2020,September,287.0,4.0,291.0,0.013745704467353952,9,2020-09-01
Kab. Cirebon,2020,Oktober,271.0,4.0,275.0,0.014545454545454545,10,2020-10-01
Kab. Cirebon,2020,November,265.0,5.0,270.0,0.018518518518518517,11,2020-11-01
Kab. Cirebon,2020,Desember,211.0,4.0,215.0,0.018604651162790697,12,2020-12-01
Kab. Garut,2020,Januari,612.0,1.0,613.0,0.0016313213703099511,1,2020-01-01
Kab. Garut,2020,Februari,501.0,5.0,506.0,0.009881422924901186,2,2020-02-01
Kab. Garut,2020,Maret,492.0,2.0,494.0,0.004048582995951417,3,2020-03-01
Kab. Garut,2020,April,314.0,4.0,318.0,0.012578616352201259,4,2020-04-01
Kab. Garut,2020,Mei,250.0,1.0,251.0,0.00398406374501992,5,2020-05-01
Kab. Garut,2020,Juni,371.0,5.0,376.0,0.013297872340425532,6,2020-06-01
Kab. Garut,2020,Juli,417.0,7.0,424.0,0.01650943396226415,7,2020-07-01
Kab. Garut,2020,Agustus,384.0,1.0,385.0,0.0025974025974025974,8,2020-08-01
Kab. Garut,2020,September,406.0,4.0,410.0,0.00975609756097561,9,2020-09-01
Kab. Garut,2020,Oktober,326.0,2.0,328.0,0.006097560975609756,10,2020-10-01
Kab. Garut,2020,November,374.0,6.0,380.0,0.015789473684210527,11,2020-11-01
Kab. Garut,2020,Desember,305.0,4.0,309.0,0.012944983818770227,12,2020-12-01
Kab. Indramayu,2020,Januari,222.0,3.0,225.0,0.013333333333333334,1,2020-01-01
Kab. Indramayu,2020,Februari,205.0,3.0,208.0,0.014423076923076924,2,2020-02-01
Kab. Indramayu,2020,Maret,228.0,2.0,230.0,0.008695652173913044,3,2020-03-01
Kab. Indramayu,2020,April,110.0,2.0,112.0,0.017857142857142856,4,2020-04-01
Kab. Indramayu,2020,Mei,88.0,2.0,90.0,0.022222222222222223,5,2020-05-01
Kab. Indramayu,2020,Juni,175.0,1.0,176.0,0.005681818181818182,6,2020-06-01
Kab. Indramayu,2020,Juli,161.0,7.0,168.0,0.041666666666666664,7,2020-07-01
Kab. Indramayu,2020,Agustus,148.0,6.0,154.0,0.03896103896103896,8,2020-08-01
Kab. Indramayu,2020,September,153.0,3.0,156.0,0.019230769230769232,9,2020-09-01
Kab. Indramayu,2020,Oktober,124.0,2.0,126.0,0.015873015873015872,10,2020-10-01
Kab. Indramayu,2020,November,113.0,2.0,115.0,0.017391304347826087,11,2020-11-01
Kab. Indramayu,2020,Desember,104.0,3.0,107.0,0.028037383177570093,12,2020-12-01
Kab. Karawang,2020,Januari,851.0,11.0,862.0,0.012761020881670533,1,2020-01-01
Kab. Karawang,2020,Februari,660.0,4.0,664.0,0.006024096385542169,2,2020-02-01
Kab. Karawang,2020,Maret,642.0,4.0,646.0,0.006191950464396285,3,2020-03-01
Kab. Karawang,2020,April,407.0,0.0,407.0,0.0,4,2020-04-01
Kab. Karawang,2020,Mei,253.0,2.0,255.0,0.00784313725490196,5,2020-05-01
Kab. Karawang,2020,Juni,458.0,3.0,461.0,0.006507592190889371,6,2020-06-01
Kab. Karawang,2020,Juli,437.0,4.0,441.0,0.009070294784580499,7,2020-07-01
Kab. Karawang,2020,Agustus,397.0,4.0,401.0,0.00997506234413965,8,2020-08-01
Kab. Karawang,2020,September,381.0,3.0,384.0,0.0078125,9,2020-09-01
Kab. Karawang,2020,Oktober,372.0,5.0,377.0,0.013262599469496022,10,2020-10-01
Kab. Karawang,2020,November,333.0,4.0,337.0,0.011869436201780416,11,2020-11-01
Kab. Karawang,2020,Desember,225.0,3.0,228.0,0.013157894736842105,12,2020-12-01
Kab. Kuningan,2020,Januari,248.0,2.0,250.0,0.008,1,2020-01-01
Kab. Kuningan,2020,Februari,234.0,0.0,234.0,0.0,2,2020-02-01
Kab. Kuningan,2020,Maret,212.0,0.0,212.0,0.0,3,2020-03-01
Kab. Kuningan,2020,April,109.0,0.0,109.0,0.0,4,2020-04-01
Kab. Kuningan,2020,Mei,84.0,1.0,85.0,0.011764705882352941,5,2020-05-01
Kab. Kuningan,2020,Juni,227.0,4.0,231.0,0.017316017316017316,6,2020-06-01
Kab. Kuningan,2020,Juli,206.0,2.0,208.0,0.009615384615384616,7,2020-07-01
Kab. Kuningan,2020,Agustus,163.0,1.0,164.0,0.006097560975609756,8,2020-08-01
Kab. Kuningan,2020,September,219.0,2.0,221.0,0.00904977375565611,9,2020-09-01
Kab. Kuningan,2020,Oktober,164.0,4.0,168.0,0.023809523809523808,10,2020-10-01
Kab. Kuningan,2020,November,155.0,3.0,158.0,0.0189873417721519,11,2020-11-01
Kab. Kuningan,2020,Desember,127.0,2.0,129.0,0.015503875968992248,12,2020-12-01
Kab. Majalengka,2020,Januari,274.0,3.0,277.0,0.010830324909747292,1,2020-01-01
Kab. Majalengka,2020,Februari,264.0,1.0,265.0,0.0037735849056603774,2,2020-02-01
Kab. Majalengka,2020,Maret,231.0,0.0,231.0,0.0,3,2020-03-01
Kab. Majalengka,2020,April,154.0,1.0,155.0,0.0064516129032258064,4,2020-04-01
Kab. Majalengka,2020,Mei,108.0,1.0,109.0,0.009174311926605505,5,2020-05-01
Kab. Majalengka,2020,Juni,165.0,2.0,167.0,0.011976047904191617,6,2020-06-01
Kab. Majalengka,2020,Juli,205.0,8.0,213.0,0.03755868544600939,7,2020-07-01
Kab. Majalengka,2020,Agustus,161.0,1.0,162.0,0.006172839506172839,8,2020-08-01
Kab. Majalengka,2020,September,144.0,2.0,146.0,0.0136986301369863,9,2020-09-01
Kab. Majalengka,2020,Oktober,125.0,0.0,125.0,0.0,10,2020-10-01
Kab. Majalengka,2020,November,143.0,7.0,150.0,0.04666666666666667,11,2020-11-01
Kab. Majalengka,2020,Desember,91.0,2.0,93.0,0.021505376344086023,12,2020-12-01
Kab. Pangandaran,2020,Januari,54.0,0.0,54.0,0.0,1,2020-01-01
Kab. Pangandaran,2020,Februari,48.0,0.0,48.0,0.0,2,2020-02-01
Kab. Pangandaran,2020,Maret,45.0,1.0,46.0,0.021739130434782608,3,2020-03-01
Kab. Pangandaran,2020,April,47.0,1.0,48.0,0.020833333333333332,4,2020-04-01
Kab. Pangandaran,2020,Mei,28.0,0.0,28.0,0.0,5,2020-05-01
Kab. Pangandaran,2020,Juni,39.0,0.0,39.0,0.0,6,2020-06-01
Kab. Pangandaran,2020,Juli,40.0,1.0,41.0,0.024390243902439025,7,2020-07-01
Kab. Pangandaran,2020,Agustus,33.0,2.0,35.0,0.05714285714285714,8,2020-08-01
Kab. Pangandaran,2020,September,49.0,2.0,51.0,0.0392156862745098,9,2020-09-01
Kab. Pangandaran,2020,Oktober,37.0,2.0,39.0,0.05128205128205128,10,2020-10-01
Kab. Pangandaran,2020,November,32.0,0.0,32.0,0.0,11,2020-11-01
Kab. Pangandaran,2020,Desember,36.0,1.0,37.0,0.02702702702702703,12,2020-12-01
Kab. Purwakarta,2020,Januari,222.0,0.0,222.0,0.0,1,2020-01-01
Kab. Purwakarta,2020,Februari,210.0,1.0,211.0,0.004739336492890996,2,2020-02-01
Kab. Purwakarta,2020,Maret,231.0,0.0,231.0,0.0,3,2020-03-01
Kab. Purwakarta,2020,April,160.0,0.0,160.0,0.0,4,2020-04-01
Kab. Purwakarta,2020,Mei,104.0,0.0,104.0,0.0,5,2020-05-01
Kab. Purwakarta,2020,Juni,151.0,2.0,153.0,0.013071895424836602,6,2020-06-01
Kab. Purwakarta,2020,Juli,118.0,1.0,119.0,0.008403361344537815,7,2020-07-01
Kab. Purwakarta,2020,Agustus,119.0,0.0,119.0,0.0,8,2020-08-01
Kab. Purwakarta,2020,September,149.0,2.0,151.0,0.013245033112582781,9,2020-09-01
Kab. Purwakarta,2020,Oktober,183.0,0.0,183.0,0.0,10,2020-10-01
Kab. Purwakarta,2020,November,180.0,0.0,180.0,0.0,11,2020-11-01
Kab. Purwakarta,2020,Desember,156.0,0.0,156.0,0.0,12,2020-12-01
Kab. Subang,2020,Januari,510.0,11.0,521.0,0.02111324376199616,1,2020-01-01
Kab. Subang,2020,Februari,405.0,2.0,407.0,0.004914004914004914,2,2020-02-01
Kab. Subang,2020,Maret,388.0,4.0,392.0,0.01020408163265306,3,2020-03-01
Kab. Subang,2020,April,259.0,3.0,262.0,0.011450381679389313,4,2020-04-01
Kab. Subang,2020,Mei,153.0,1.0,154.0,0.006493506493506494,5,2020-05-01
Kab. Subang,2020,Juni,275.0,1.0,276.0,0.0036231884057971015,6,2020-06-01
Kab. Subang,2020,Juli,246.0,2.0,248.0,0.008064516129032258,7,2020-07-01
Kab. Subang,2020,Agustus,254.0,6.0,260.0,0.023076923076923078,8,2020-08-01
Kab. Subang,2020,September,279.0,6.0,285.0,0.021052631578947368,9,2020-09-01
Kab. Subang,2020,Oktober,239.0,2.0,241.0,0.008298755186721992,10,2020-10-01
Kab. Subang,2020,November,239.0,3.0,242.0,0.012396694214876033,11,2020-11-01
Kab. Subang,2020,Desember,152.0,4.0,156.0,0.02564102564102564,12,2020-12-01
Kab. Sukabumi,2020,Januari,739.0,7.0,746.0,0.00938337801608579,1,2020-01-01
Kab. Sukabumi,2020,Februari,594.0,6.0,600.0,0.01,2,2020-02-01
Kab. Sukabumi,2020,Maret,437.0,2.0,439.0,0.004555808656036446,3,2020-03-01
Kab. Sukabumi,2020,April,391.0,2.0,393.0,0.005089058524173028,4,2020-04-01
Kab. Sukabumi,2020,Mei,280.0,0.0,280.0,0.0,5,2020-05-01
Kab. Sukabumi,2020,Juni,390.0,2.0,392.0,0.00510204081632653,6,2020-06-01
Kab. Sukabumi,2020,Juli,364.0,1.0,365.0,0.0027397260273972603,7,2020-07-01
Kab. Sukabumi,2020,Agustus,315.0,3.0,318.0,0.009433962264150943,8,2020-08-01
Kab. Sukabumi,2020,September,322.0,1.0,323.0,0.0030959752321981426,9,2020-09-01
Kab. Sukabumi,2020,Oktober,233.0,0.0,233.0,0.0,10,2020-10-01
Kab. Sukabumi,2020,November,235.0,1.0,236.0,0.00423728813559322,11,2020-11-01
Kab. Sukabumi,2020,Desember,217.0,1.0,218.0,0.0045871559633027525,12,2020-12-01
Kab. Sumedang,2020,Januari,237.0,2.0,239.0,0.008368200836820083,1,2020-01-01
Kab. Sumedang,2020,Februari,177.0,1.0,178.0,0.0056179775280898875,2,2020-02-01
Kab. Sumedang,2020,Maret,164.0,0.0,164.0,0.0,3,2020-03-01
Kab. Sumedang,2020,April,121.0,2.0,123.0,0.016260162601626018,4,2020-04-01
Kab. Sumedang,2020,Mei,100.0,0.0,100.0,0.0,5,2020-05-01
Kab. Sumedang,2020,Juni,143.0,1.0,144.0,0.006944444444444444,6,2020-06-01
Kab. Sumedang,2020,Juli,146.0,4.0,150.0,0.02666666666666667,7,2020-07-01
Kab. Sumedang,2020,Agustus,120.0,2.0,122.0,0.01639344262295082,8,2020-08-01
Kab. Sumedang,2020,September,174.0,1.0,175.0,0.005714285714285714,9,2020-09-01
Kab. Sumedang,2020,Oktober,130.0,2.0,132.0,0.015151515151515152,10,2020-10-01
Kab. Sumedang,2020,November,154.0,2.0,156.0,0.01282051282051282,11,2020-11-01
Kab. Sumedang,2020,Desember,125.0,0.0,125.0,0.0,12,2020-12-01
Kab. Tasikmalaya,2020,Januari,222.0,4.0,226.0,0.017699115044247787,1,2020-01-01
Kab. Tasikmalaya,2020,Februari,224.0,7.0,231.0,0.030303030303030304,2,2020-02-01
Kab. Tasikmalaya,2020,Maret,196.0,5.0,201.0,0.024875621890547265,3,2020-03-01
Kab. Tasikmalaya,2020,April,154.0,8.0,162.0,0.04938271604938271,4,2020-04-01
Kab. Tasikmalaya,2020,Mei,122.0,7.0,129.0,0.05426356589147287,5,2020-05-01
Kab. Tasikmalaya,2020,Juni,203.0,6.0,209.0,0.028708133971291867,6,2020-06-01
Kab. Tasikmalaya,2020,Juli,181.0,7.0,188.0,0.03723404255319149,7,2020-07-01
Kab. Tasikmalaya,2020,Agustus,174.0,8.0,182.0,0.04395604395604396,8,2020-08-01
Kab. Tasikmalaya,2020,September,195.0,1.0,196.0,0.00510204081632653,9,2020-09-01
Kab. Tasikmalaya,2020,Oktober,164.0,1.0,165.0,0.006060606060606061,10,2020-10-01
Kab. Tasikmalaya,2020,November,180.0,3.0,183.0,0.01639344262295082,11,2020-11-01
Kab. Tasikmalaya,2020,Desember,146.0,10.0,156.0,0.0641025641025641,12,2020-12-01
Kota Bandung,2020,Januari,1340.0,43.0,1383.0,0.03109182935647144,1,2020-01-01
Kota Bandung,2020,Februari,1093.0,49.0,1142.0,0.042907180385288964,2,2020-02-01
Kota Bandung,2020,Maret,1035.0,45.0,1080.0,0.041666666666666664,3,2020-03-01
Kota Bandung,2020,April,585.0,7.0,592.0,0.011824324324324325,4,2020-04-01
Kota Bandung,2020,Mei,542.0,6.0,548.0,0.010948905109489052,5,2020-05-01
Kota Bandung,2020,Juni,777.0,34.0,811.0,0.04192355117139334,6,2020-06-01
Kota Bandung,2020,Juli,757.0,29.0,786.0,0.03689567430025445,7,2020-07-01
Kota Bandung,2020,Agustus,750.0,28.0,778.0,0.03598971722365039,8,2020-08-01
Kota Bandung,2020,September,830.0,17.0,847.0,0.020070838252656435,9,2020-09-01
Kota Bandung,2020,Oktober,759.0,10.0,769.0,0.013003901170351105,10,2020-10-01
Kota Bandung,2020,November,750.0,13.0,763.0,0.01703800786369594,11,2020-11-01
Kota Bandung,2020,Desember,637.0,14.0,651.0,0.021505376344086023,12,2020-12-01
Kota Banjar,2020,Januari,76.0,0.0,76.0,0.0,1,2020-01-01
Kota Banjar,2020,Februari,98.0,0.0,98.0,0.0,2,2020-02-01
Kota Banjar,2020,Maret,88.0,0.0,88.0,0.0,3,2020-03-01
Kota Banjar,2020,April,26.0,0.0,26.0,0.0,4,2020-04-01
Kota Banjar,2020,Mei,11.0,0.0,11.0,0.0,5,2020-05-01
Kota Banjar,2020,Juni,16.0,0.0,16.0,0.0,6,2020-06-01
Kota Banjar,2020,Juli,18.0,0.0,18.0,0.0,7,2020-07-01
Kota Banjar,2020,Agustus,18.0,1.0,19.0,0.05263157894736842,8,2020-08-01
Kota Banjar,2020,September,15.0,0.0,15.0,0.0,9,2020-09-01
Kota Banjar,2020,Oktober,18.0,0.0,18.0,0.0,10,2020-10-01
Kota Banjar,2020,November,14.0,0.0,14.0,0.0,11,2020-11-01
Kota Banjar,2020,Desember,8.0,0.0,8.0,0.0,12,2020-12-01
Kota Bekasi,2020,Januari,813.0,6.0,819.0,0.007326007326007326,1,2020-01-01
Kota Bekasi,2020,Februari,738.0,6.0,744.0,0.008064516129032258,2,2020-02-01
Kota Bekasi,2020,Maret,625.0,1.0,626.0,0.001597444089456869,3,2020-03-01
Kota Bekasi,2020,April,495.0,6.0,501.0,0.011976047904191617,4,2020-04-01
Kota Bekasi,2020,Mei,372.0,4.0,376.0,0.010638297872340425,5,2020-05-01
Kota Bekasi,2020,Juni,610.0,3.0,613.0,0.004893964110929853,6,2020-06-01
Kota Bekasi,2020,Juli,591.0,7.0,598.0,0.011705685618729096,7,2020-07-01
Kota Bekasi,2020,Agustus,424.0,4.0,428.0,0.009345794392523364,8,2020-08-01
Kota Bekasi,2020,September,438.0,0.0,438.0,0.0,9,2020-09-01
Kota Bekasi,2020,Oktober,352.0,1.0,353.0,0.0028328611898017,10,2020-10-01
Kota Bekasi,2020,November,404.0,4.0,408.0,0.00980392156862745,11,2020-11-01
Kota Bekasi,2020,Desember,384.0,2.0,386.0,0.0051813471502590676,12,2020-12-01
Kota Bogor,2020,Januari,373.0,1.0,374.0,0.00267379679144385,1,2020-01-01
Kota Bogor,2020,Februari,302.0,0.0,302.0,0.0,2,2020-02-01
Kota Bogor,2020,Maret,255.0,0.0,255.0,0.0,3,2020-03-01
Kota Bogor,2020,April,199.0,0.0,199.0,0.0,4,2020-04-01
Kota Bogor,2020,Mei,165.0,0.0,165.0,0.0,5,2020-05-01
Kota Bogor,2020,Juni,228.0,0.0,228.0,0.0,6,2020-06-01
Kota Bogor,2020,Juli,292.0,0.0,292.0,0.0,7,2020-07-01
Kota Bogor,2020,Agustus,227.0,0.0,227.0,0.0,8,2020-08-01
Kota Bogor,2020,September,206.0,0.0,206.0,0.0,9,2020-09-01
Kota Bogor,2020,Oktober,214.0,1.0,215.0,0.004651162790697674,10,2020-10-01
Kota Bogor,2020,November,198.0,0.0,198.0,0.0,11,2020-11-01
Kota Bogor,2020,Desember,154.0,1.0,155.0,0.0064516129032258064,12,2020-12-01
Kota Cimahi,2020,Januari,300.0,3.0,303.0,0.009900990099009901,1,2020-01-01
Kota Cimahi,2020,Februari,260.0,1.0,261.0,0.0038314176245210726,2,2020-02-01
Kota Cimahi,2020,Maret,237.0,1.0,238.0,0.004201680672268907,3,2020-03-01
Kota Cimahi,2020,April,142.0,0.0,142.0,0.0,4,2020-04-01
Kota Cimahi,2020,Mei,103.0,0.0,103.0,0.0,5,2020-05-01
Kota Cimahi,2020,Juni,135.0,2.0,137.0,0.014598540145985401,6,2020-06-01
Kota Cimahi,2020,Juli,181.0,0.0,181.0,0.0,7,2020-07-01
Kota Cimahi,2020,Agustus,169.0,1.0,170.0,0.0058823529411764705,8,2020-08-01
Kota Cimahi,2020,September,181.0,1.0,182.0,0.005494505494505495,9,2020-09-01
Kota Cimahi,2020,Oktober,140.0,1.0,141.0,0.0070921985815602835,10,2020-10-01
Kota Cimahi,2020,November,151.0,2.0,153.0,0.013071895424836602,11,2020-11-01
Kota Cimahi,2020,Desember,145.0,0.0,145.0,0.0,12,2020-12-01
Kota Cirebon,2020,Januari,259.0,29.0,288.0,0.10069444444444445,1,2020-01-01
Kota Cirebon,2020,Februari,186.0,27.0,213.0,0.1267605633802817,2,2020-02-01
Kota Cirebon,2020,Maret,159.0,25.0,184.0,0.1358695652173913,3,2020-03-01
Kota Cirebon,2020,April,93.0,19.0,112.0,0.16964285714285715,4,2020-04-01
Kota Cirebon,2020,Mei,78.0,4.0,82.0,0.04878048780487805,5,2020-05-01
Kota Cirebon,2020,Juni,131.0,3.0,134.0,0.022388059701492536,6,2020-06-01
Kota Cirebon,2020,Juli,123.0,3.0,126.0,0.023809523809523808,7,2020-07-01
Kota Cirebon,2020,Agustus,100.0,7.0,107.0,0.06542056074766354,8,2020-08-01
Kota Cirebon,2020,September,121.0,10.0,131.0,0.07633587786259542,9,2020-09-01
Kota Cirebon,2020,Oktober,87.0,4.0,91.0,0.04395604395604396,10,2020-10-01
Kota Cirebon,2020,November,103.0,5.0,108.0,0.046296296296296294,11,2020-11-01
Kota Cirebon,2020,Desember,86.0,6.0,92.0,0.06521739130434782,12,2020-12-01
Kota Depok,2020,Januari,532.0,8.0,540.0,0.014814814814814815,1,2020-01-01
Kota Depok,2020,Februari,438.0,2.0,440.0,0.004545454545454545,2,2020-02-01
Kota Depok,2020,Maret,394.0,2.0,396.0,0.005050505050505051,3,2020-03-01
Kota Depok,2020,April,253.0,2.0,255.0,0.00784313725490196,4,2020-04-01
Kota Depok,2020,Mei,191.0,2.0,193.0,0.010362694300518135,5,2020-05-01
Kota Depok,2020,Juni,301.0,4.0,305.0,0.013114754098360656,6,2020-06-01
Kota Depok,2020,Juli,317.0,2.0,319.0,0.006269592476489028,7,2020-07-01
Kota Depok,2020,Agustus,301.0,4.0,305.0,0.013114754098360656,8,2020-08-01
Kota Depok,2020,September,263.0,2.0,265.0,0.007547169811320755,9,2020-09-01
Kota Depok,2020,Oktober,247.0,4.0,251.0,0.01593625498007968,10,2020-10-01
Kota Depok,2020,November,246.0,3.0,249.0,0.012048192771084338,11,2020-11-01
Kota Depok,2020,Desember,222.0,4.0,226.0,0.017699115044247787,12,2020-12-01
Kota Sukabumi,2020,Januari,150.0,0.0,150.0,0.0,1,2020-01-01
Kota Sukabumi,2020,Februari,125.0,1.0,126.0,0.007936507936507936,2,2020-02-01
Kota Sukabumi,2020,Maret,127.0,0.0,127.0,0.0,3,2020-03-01
Kota Sukabumi,2020,April,76.0,0.0,76.0,0.0,4,2020-04-01
Kota Sukabumi,2020,Mei,65.0,0.0,65.0,0.0,5,2020-05-01
Kota Sukabumi,2020,Juni,106.0,0.0,106.0,0.0,6,2020-06-01
Kota Sukabumi,2020,Juli,122.0,1.0,123.0,0.008130081300813009,7,2020-07-01
Kota Sukabumi,2020,Agustus,125.0,0.0,125.0,0.0,8,2020-08-01
Kota Sukabumi,2020,September,119.0,2.0,121.0,0.01652892561983471,9,2020-09-01
Kota Sukabumi,2020,Oktober,128.0,2.0,130.0,0.015384615384615385,10,2020-10-01
Kota Sukabumi,2020,November,94.0,1.0,95.0,0.010526315789473684,11,2020-11-01
Kota Sukabumi,2020,Desember,77.0,0.0,77.0,0.0,12,2020-12-01
Kota Tasikmalaya,2020,Januari,173.0,7.0,180.0,0.03888888888888889,1,2020-01-01
Kota Tasikmalaya,2020,Februari,126.0,8.0,134.0,0.05970149253731343,2,2020-02-01
Kota Tasikmalaya,2020,Maret,133.0,4.0,137.0,0.029197080291970802,3,2020-03-01
Kota Tasikmalaya,2020,April,78.0,3.0,81.0,0.037037037037037035,4,2020-04-01
Kota Tasikmalaya,2020,Mei,49.0,2.0,51.0,0.0392156862745098,5,2020-05-01
Kota Tasikmalaya,2020,Juni,104.0,3.0,107.0,0.028037383177570093,6,2020-06-01
Kota Tasikmalaya,2020,Juli,117.0,4.0,121.0,0.03305785123966942,7,2020-07-01
Kota Tasikmalaya,2020,Agustus,109.0,10.0,119.0,0.08403361344537816,8,2020-08-01
Kota Tasikmalaya,2020,September,113.0,6.0,119.0,0.05042016806722689,9,2020-09-01
Kota Tasikmalaya,2020,Oktober,91.0,5.0,96.0,0.052083333333333336,10,2020-10-01
Kota Tasikmalaya,2020,November,131.0,2.0,133.0,0.015037593984962405,11,2020-11-01
Kota Tasikmalaya,2020,Desember,81.0,10.0,91.0,0.10989010989010989,12,2020-12-01
Kab. Bandung,2021,Januari,531.0,3.0,534.0,0.0056179775280898875,1,2021-01-01
Kab. Bandung,2021,Februari,518.0,3.0,521.0,0.005758157389635317,2,2021-02-01
Kab. Bandung,2021,Maret,607.0,5.0,612.0,0.008169934640522876,3,2021-03-01
Kab. Bandung,2021,April,576.0,7.0,583.0,0.012006861063464836,4,2021-04-01
Kab. Bandung,2021,Mei,506.0,5.0,511.0,0.009784735812133072,5,2021-05-01
Kab. Bandung,2021,Juni,523.0,7.0,530.0,0.013207547169811321,6,2021-06-01
Kab. Bandung,2021,Juli,355.0,4.0,359.0,0.011142061281337047,7,2021-07-01
Kab. Bandung,2021,Agustus,501.0,6.0,507.0,0.011834319526627219,8,2021-08-01
Kab. Bandung,2021,September,602.0,7.0,609.0,0.011494252873563218,9,2021-09-01
Kab. Bandung,2021,Oktober,600.0,12.0,612.0,0.0196078431372549,10,2021-10-01
Kab. Bandung,2021,November,570.0,12.0,582.0,0.020618556701030927,11,2021-11-01
Kab. Bandung,2021,Desember,680.0,9.0,689.0,0.013062409288824383,12,2021-12-01
Kab. Bandung Barat,2021,Januari,181.0,3.0,184.0,0.016304347826086956,1,2021-01-01
Kab. Bandung Barat,2021,Februari,146.0,5.0,151.0,0.033112582781456956,2,2021-02-01
Kab. Bandung Barat,2021,Maret,172.0,3.0,175.0,0.017142857142857144,3,2021-03-01
Kab. Bandung Barat,2021,April,197.0,1.0,198.0,0.005050505050505051,4,2021-04-01
Kab. Bandung Barat,2021,Mei,137.0,5.0,142.0,0.035211267605633804,5,2021-05-01
Kab. Bandung Barat,2021,Juni,143.0,0.0,143.0,0.0,6,2021-06-01
Kab. Bandung Barat,2021,Juli,76.0,2.0,78.0,0.02564102564102564,7,2021-07-01
Kab. Bandung Barat,2021,Agustus,163.0,2.0,165.0,0.012121212121212121,8,2021-08-01
Kab. Bandung Barat,2021,September,192.0,4.0,196.0,0.02040816326530612,9,2021-09-01
Kab. Bandung Barat,2021,Oktober,187.0,5.0,192.0,0.026041666666666668,10,2021-10-01
Kab. Bandung Barat,2021,November,213.0,6.0,219.0,0.0273972602739726,11,2021-11-01
Kab. Bandung Barat,2021,Desember,220.0,6.0,226.0,0.02654867256637168,12,2021-12-01
Kab. Bekasi,2021,Januari,419.0,0.0,419.0,0.0,1,2021-01-01
Kab. Bekasi,2021,Februari,347.0,2.0,349.0,0.0057306590257879654,2,2021-02-01
Kab. Bekasi,2021,Maret,485.0,1.0,486.0,0.00205761316872428,3,2021-03-01
Kab. Bekasi,2021,April,504.0,4.0,508.0,0.007874015748031496,4,2021-04-01
Kab. Bekasi,2021,Mei,423.0,3.0,426.0,0.007042253521126761,5,2021-05-01
Kab. Bekasi,2021,Juni,383.0,0.0,383.0,0.0,6,2021-06-01
Kab. Bekasi,2021,Juli,239.0,1.0,240.0,0.004166666666666667,7,2021-07-01
Kab. Bekasi,2021,Agustus,378.0,5.0,383.0,0.013054830287206266,8,2021-08-01
Kab. Bekasi,2021,September,555.0,4.0,559.0,0.007155635062611807,9,2021-09-01
Kab. Bekasi,2021,Oktober,557.0,7.0,564.0,0.012411347517730497,10,2021-10-01
Kab. Bekasi,2021,November,593.0,6.0,599.0,0.01001669449081803,11,2021-11-01
Kab. Bekasi,2021,Desember,577.0,1.0,578.0,0.0017301038062283738,12,2021-12-01
Kab. Bogor,2021,Januari,980.0,35.0,1015.0,0.034482758620689655,1,2021-01-01
Kab. Bogor,2021,Februari,856.0,29.0,885.0,0.0327683615819209,2,2021-02-01
Kab. Bogor,2021,Maret,1123.0,20.0,1143.0,0.017497812773403325,3,2021-03-01
Kab. Bogor,2021,April,1100.0,25.0,1125.0,0.022222222222222223,4,2021-04-01
Kab. Bogor,2021,Mei,986.0,25.0,1011.0,0.024727992087042534,5,2021-05-01
Kab. Bogor,2021,Juni,1205.0,51.0,1256.0,0.04060509554140127,6,2021-06-01
Kab. Bogor,2021,Juli,690.0,17.0,707.0,0.024045261669024046,7,2021-07-01
Kab. Bogor,2021,Agustus,1084.0,14.0,1098.0,0.012750455373406194,8,2021-08-01
Kab. Bogor,2021,September,1229.0,32.0,1261.0,0.025376685170499604,9,2021-09-01
Kab. Bogor,2021,Oktober,1223.0,43.0,1266.0,0.0339652448657188,10,2021-10-01
Kab. Bogor,2021,November,1337.0,38.0,1375.0,0.027636363636363636,11,2021-11-01
Kab. Bogor,2021,Desember,1427.0,52.0,1479.0,0.03515889114266396,12,2021-12-01
Kab. Ciamis,2021,Januari,167.0,4.0,171.0,0.023391812865497075,1,2021-01-01
Kab. Ciamis,2021,Februari,125.0,2.0,127.0,0.015748031496062992,2,2021-02-01
Kab. Ciamis,2021,Maret,168.0,1.0,169.0,0.005917159763313609,3,2021-03-01
Kab. Ciamis,2021,April,155.0,2.0,157.0,0.012738853503184714,4,2021-04-01
Kab. Ciamis,2021,Mei,137.0,2.0,139.0,0.014388489208633094,5,2021-05-01
Kab. Ciamis,2021,Juni,173.0,2.0,175.0,0.011428571428571429,6,2021-06-01
Kab. Ciamis,2021,Juli,97.0,3.0,100.0,0.03,7,2021-07-01
Kab. Ciamis,2021,Agustus,111.0,0.0,111.0,0.0,8,2021-08-01
Kab. Ciamis,2021,September,135.0,3.0,138.0,0.021739130434782608,9,2021-09-01
Kab. Ciamis,2021,Oktober,129.0,2.0,131.0,0.015267175572519083,10,2021-10-01
Kab. Ciamis,2021,November,175.0,3.0,178.0,0.016853932584269662,11,2021-11-01
Kab. Ciamis,2021,Desember,189.0,4.0,193.0,0.02072538860103627,12,2021-12-01
Kab. Cianjur,2021,Januari,394.0,3.0,397.0,0.007556675062972292,1,2021-01-01
Kab. Cianjur,2021,Februari,337.0,7.0,344.0,0.020348837209302327,2,2021-02-01
Kab. Cianjur,2021,Maret,485.0,8.0,493.0,0.016227180527383367,3,2021-03-01
Kab. Cianjur,2021,April,453.0,5.0,458.0,0.010917030567685589,4,2021-04-01
Kab. Cianjur,2021,Mei,421.0,6.0,427.0,0.01405152224824356,5,2021-05-01
Kab. Cianjur,2021,Juni,458.0,7.0,465.0,0.015053763440860216,6,2021-06-01
Kab. Cianjur,2021,Juli,303.0,2.0,305.0,0.006557377049180328,7,2021-07-01
Kab. Cianjur,2021,Agustus,398.0,6.0,404.0,0.01485148514851485,8,2021-08-01
Kab. Cianjur,2021,September,502.0,6.0,508.0,0.011811023622047244,9,2021-09-01
Kab. Cianjur,2021,Oktober,489.0,2.0,491.0,0.004073319755600814,10,2021-10-01
Kab. Cianjur,2021,November,604.0,11.0,615.0,0.01788617886178862,11,2021-11-01
Kab. Cianjur,2021,Desember,593.0,4.0,597.0,0.006700167504187605,12,2021-12-01
Kab. Cirebon,2021,Januari,263.0,5.0,268.0,0.018656716417910446,1,2021-01-01
Kab. Cirebon,2021,Februari,219.0,4.0,223.0,0.017937219730941704,2,2021-02-01
Kab. Cirebon,2021,Maret,322.0,13.0,335.0,0.03880597014925373,3,2021-03-01
Kab. Cirebon,2021,April,289.0,3.0,292.0,0.010273972602739725,4,2021-04-01
Kab. Cirebon,2021,Mei,251.0,2.0,253.0,0.007905138339920948,5,2021-05-01
Kab. Cirebon,2021,Juni,264.0,7.0,271.0,0.025830258302583026,6,2021-06-01
Kab. Cirebon,2021,Juli,135.0,1.0,136.0,0.007352941176470588,7,2021-07-01
Kab. Cirebon,2021,Agustus,259.0,9.0,268.0,0.033582089552238806,8,2021-08-01
Kab. Cirebon,2021,September,365.0,6.0,371.0,0.016172506738544475,9,2021-09-01
Kab. Cirebon,2021,Oktober,380.0,3.0,383.0,0.007832898172323759,10,2021-10-01
Kab. Cirebon,2021,November,448.0,9.0,457.0,0.019693654266958426,11,2021-11-01
Kab. Cirebon,2021,Desember,478.0,16.0,494.0,0.032388663967611336,12,2021-12-01
Kab. Garut,2021,Januari,390.0,6.0,396.0,0.015151515151515152,1,2021-01-01
Kab. Garut,2021,Februari,362.0,6.0,368.0,0.016304347826086956,2,2021-02-01
Kab. Garut,2021,Maret,441.0,7.0,448.0,0.015625,3,2021-03-01
Kab. Garut,2021,April,450.0,4.0,454.0,0.00881057268722467,4,2021-04-01
Kab. Garut,2021,Mei,385.0,3.0,388.0,0.007731958762886598,5,2021-05-01
Kab. Garut,2021,Juni,318.0,10.0,328.0,0.03048780487804878,6,2021-06-01
Kab. Garut,2021,Juli,263.0,5.0,268.0,0.018656716417910446,7,2021-07-01
Kab. Garut,2021,Agustus,365.0,3.0,368.0,0.008152173913043478,8,2021-08-01
Kab. Garut,2021,September,556.0,7.0,563.0,0.012433392539964476,9,2021-09-01
Kab. Garut,2021,Oktober,599.0,7.0,606.0,0.01155115511551155,10,2021-10-01
Kab. Garut,2021,November,675.0,7.0,682.0,0.010263929618768328,11,2021-11-01
Kab. Garut,2021,Desember,560.0,12.0,572.0,0.02097902097902098,12,2021-12-01
Kab. Indramayu,2021,Januari,166.0,1.0,167.0,0.005988023952095809,1,2021-01-01
Kab. Indramayu,2021,Februari,166.0,0.0,166.0,0.0,2,2021-02-01
Kab. Indramayu,2021,Maret,165.0,1.0,166.0,0.006024096385542169,3,2021-03-01
Kab. Indramayu,2021,April,178.0,1.0,179.0,0.00558659217877095,4,2021-04-01
Kab. Indramayu,2021,Mei,178.0,4.0,182.0,0.02197802197802198,5,2021-05-01
Kab. Indramayu,2021,Juni,164.0,4.0,168.0,0.023809523809523808,6,2021-06-01
Kab. Indramayu,2021,Juli,73.0,2.0,75.0,0.02666666666666667,7,2021-07-01
Kab. Indramayu,2021,Agustus,158.0,3.0,161.0,0.018633540372670808,8,2021-08-01
Kab. Indramayu,2021,September,201.0,6.0,207.0,0.028985507246376812,9,2021-09-01
Kab. Indramayu,2021,Oktober,183.0,5.0,188.0,0.026595744680851064,10,2021-10-01
Kab. Indramayu,2021,November,208.0,8.0,216.0,0.037037037037037035,11,2021-11-01
Kab. Indramayu,2021,Desember,245.0,8.0,253.0,0.03162055335968379,12,2021-12-01
Kab. Karawang,2021,Januari,426.0,3.0,429.0,0.006993006993006993,1,2021-01-01
Kab. Karawang,2021,Februari,371.0,3.0,374.0,0.008021390374331552,2,2021-02-01
Kab. Karawang,2021,Maret,450.0,5.0,455.0,0.01098901098901099,3,2021-03-01
Kab. Karawang,2021,April,433.0,5.0,438.0,0.01141552511415525,4,2021-04-01
Kab. Karawang,2021,Mei,408.0,5.0,413.0,0.012106537530266344,5,2021-05-01
Kab. Karawang,2021,Juni,382.0,3.0,385.0,0.007792207792207792,6,2021-06-01
Kab. Karawang,2021,Juli,266.0,4.0,270.0,0.014814814814814815,7,2021-07-01
Kab. Karawang,2021,Agustus,414.0,6.0,420.0,0.014285714285714285,8,2021-08-01
Kab. Karawang,2021,September,578.0,8.0,586.0,0.013651877133105802,9,2021-09-01
Kab. Karawang,2021,Oktober,632.0,21.0,653.0,0.03215926493108729,10,2021-10-01
Kab. Karawang,2021,November,757.0,15.0,772.0,0.019430051813471502,11,2021-11-01
Kab. Karawang,2021,Desember,749.0,24.0,773.0,0.031047865459249677,12,2021-12-01
Kab. Kuningan,2021,Januari,162.0,5.0,167.0,0.029940119760479042,1,2021-01-01
Kab. Kuningan,2021,Februari,114.0,1.0,115.0,0.008695652173913044,2,2021-02-01
Kab. Kuningan,2021,Maret,170.0,2.0,172.0,0.011627906976744186,3,2021-03-01
Kab. Kuningan,2021,April,142.0,1.0,143.0,0.006993006993006993,4,2021-04-01
Kab. Kuningan,2021,Mei,150.0,2.0,152.0,0.013157894736842105,5,2021-05-01
Kab. Kuningan,2021,Juni,144.0,1.0,145.0,0.006896551724137931,6,2021-06-01
Kab. Kuningan,2021,Juli,97.0,1.0,98.0,0.01020408163265306,7,2021-07-01
Kab. Kuningan,2021,Agustus,166.0,1.0,167.0,0.005988023952095809,8,2021-08-01
Kab. Kuningan,2021,September,190.0,5.0,195.0,0.02564102564102564,9,2021-09-01
Kab. Kuningan,2021,Oktober,190.0,3.0,193.0,0.015544041450777202,10,2021-10-01
Kab. Kuningan,2021,November,200.0,6.0,206.0,0.02912621359223301,11,2021-11-01
Kab. Kuningan,2021,Desember,208.0,2.0,210.0,0.009523809523809525,12,2021-12-01
Kab. Majalengka,2021,Januari,134.0,2.0,136.0,0.014705882352941176,1,2021-01-01
Kab. Majalengka,2021,Februari,123.0,3.0,126.0,0.023809523809523808,2,2021-02-01
Kab. Majalengka,2021,Maret,146.0,2.0,148.0,0.013513513513513514,3,2021-03-01
Kab. Majalengka,2021,April,145.0,0.0,145.0,0.0,4,2021-04-01
Kab. Majalengka,2021,Mei,175.0,0.0,175.0,0.0,5,2021-05-01
Kab. Majalengka,2021,Juni,149.0,3.0,152.0,0.019736842105263157,6,2021-06-01
Kab. Majalengka,2021,Juli,82.0,0.0,82.0,0.0,7,2021-07-01
Kab. Majalengka,2021,Agustus,137.0,0.0,137.0,0.0,8,2021-08-01
Kab. Majalengka,2021,September,184.0,2.0,186.0,0.010752688172043012,9,2021-09-01
Kab. Majalengka,2021,Oktober,245.0,1.0,246.0,0.0040650406504065045,10,2021-10-01
Kab. Majalengka,2021,November,204.0,5.0,209.0,0.023923444976076555,11,2021-11-01
Kab. Majalengka,2021,Desember,260.0,4.0,264.0,0.015151515151515152,12,2021-12-01
Kab. Pangandaran,2021,Januari,47.0,3.0,50.0,0.06,1,2021-01-01
Kab. Pangandaran,2021,Februari,33.0,0.0,33.0,0.0,2,2021-02-01
Kab. Pangandaran,2021,Maret,58.0,0.0,58.0,0.0,3,2021-03-01
Kab. Pangandaran,2021,April,39.0,0.0,39.0,0.0,4,2021-04-01
Kab. Pangandaran,2021,Mei,24.0,1.0,25.0,0.04,5,2021-05-01
Kab. Pangandaran,2021,Juni,39.0,0.0,39.0,0.0,6,2021-06-01
Kab. Pangandaran,2021,Juli,33.0,0.0,33.0,0.0,7,2021-07-01
Kab. Pangandaran,2021,Agustus,45.0,0.0,45.0,0.0,8,2021-08-01
Kab. Pangandaran,2021,September,52.0,0.0,52.0,0.0,9,2021-09-01
Kab. Pangandaran,2021,Oktober,51.0,1.0,52.0,0.019230769230769232,10,2021-10-01
Kab. Pangandaran,2021,November,54.0,2.0,56.0,0.03571428571428571,11,2021-11-01
Kab. Pangandaran,2021,Desember,40.0,0.0,40.0,0.0,12,2021-12-01
Kab. Purwakarta,2021,Januari,276.0,3.0,279.0,0.010752688172043012,1,2021-01-01
Kab. Purwakarta,2021,Februari,189.0,0.0,189.0,0.0,2,2021-02-01
Kab. Purwakarta,2021,Maret,238.0,0.0,238.0,0.0,3,2021-03-01
Kab. Purwakarta,2021,April,239.0,3.0,242.0,0.012396694214876033,4,2021-04-01
Kab. Purwakarta,2021,Mei,189.0,0.0,189.0,0.0,5,2021-05-01
Kab. Purwakarta,2021,Juni,227.0,0.0,227.0,0.0,6,2021-06-01
Kab. Purwakarta,2021,Juli,150.0,0.0,150.0,0.0,7,2021-07-01
Kab. Purwakarta,2021,Agustus,220.0,2.0,222.0,0.009009009009009009,8,2021-08-01
Kab. Purwakarta,2021,September,279.0,3.0,282.0,0.010638297872340425,9,2021-09-01
Kab. Purwakarta,2021,Oktober,311.0,0.0,311.0,0.0,10,2021-10-01
Kab. Purwakarta,2021,November,317.0,4.0,321.0,0.012461059190031152,11,2021-11-01
Kab. Purwakarta,2021,Desember,307.0,1.0,308.0,0.003246753246753247,12,2021-12-01
Kab. Subang,2021,Januari,249.0,0.0,249.0,0.0,1,2021-01-01
Kab. Subang,2021,Februari,179.0,2.0,181.0,0.011049723756906077,2,2021-02-01
Kab. Subang,2021,Maret,258.0,5.0,263.0,0.019011406844106463,3,2021-03-01
Kab. Subang,2021,April,264.0,3.0,267.0,0.011235955056179775,4,2021-04-01
Kab. Subang,2021,Mei,217.0,3.0,220.0,0.013636363636363636,5,2021-05-01
Kab. Subang,2021,Juni,202.0,4.0,206.0,0.019417475728155338,6,2021-06-01
Kab. Subang,2021,Juli,157.0,1.0,158.0,0.006329113924050633,7,2021-07-01
Kab. Subang,2021,Agustus,263.0,4.0,267.0,0.0149812734082397,8,2021-08-01
Kab. Subang,2021,September,359.0,3.0,362.0,0.008287292817679558,9,2021-09-01
Kab. Subang,2021,Oktober,325.0,5.0,330.0,0.015151515151515152,10,2021-10-01
Kab. Subang,2021,November,307.0,1.0,308.0,0.003246753246753247,11,2021-11-01
Kab. Subang,2021,Desember,336.0,10.0,346.0,0.028901734104046242,12,2021-12-01
Kab. Sukabumi,2021,Januari,529.0,1.0,530.0,0.0018867924528301887,1,2021-01-01
Kab. Sukabumi,2021,Februari,461.0,1.0,462.0,0.0021645021645021645,2,2021-02-01
Kab. Sukabumi,2021,Maret,583.0,3.0,586.0,0.005119453924914676,3,2021-03-01
Kab. Sukabumi,2021,April,482.0,2.0,484.0,0.004132231404958678,4,2021-04-01
Kab. Sukabumi,2021,Mei,386.0,3.0,389.0,0.007712082262210797,5,2021-05-01
Kab. Sukabumi,2021,Juni,473.0,2.0,475.0,0.004210526315789474,6,2021-06-01
Kab. Sukabumi,2021,Juli,384.0,0.0,384.0,0.0,7,2021-07-01
Kab. Sukabumi,2021,Agustus,327.0,1.0,328.0,0.003048780487804878,8,2021-08-01
Kab. Sukabumi,2021,September,356.0,3.0,359.0,0.008356545961002786,9,2021-09-01
Kab. Sukabumi,2021,Oktober,439.0,1.0,440.0,0.0022727272727272726,10,2021-10-01
Kab. Sukabumi,2021,November,448.0,5.0,453.0,0.011037527593818985,11,2021-11-01
Kab. Sukabumi,2021,Desember,498.0,8.0,506.0,0.015810276679841896,12,2021-12-01
Kab. Sumedang,2021,Januari,136.0,0.0,136.0,0.0,1,2021-01-01
Kab. Sumedang,2021,Februari,129.0,2.0,131.0,0.015267175572519083,2,2021-02-01
Kab. Sumedang,2021,Maret,164.0,4.0,168.0,0.023809523809523808,3,2021-03-01
Kab. Sumedang,2021,April,146.0,2.0,148.0,0.013513513513513514,4,2021-04-01
Kab. Sumedang,2021,Mei,148.0,2.0,150.0,0.013333333333333334,5,2021-05-01
Kab. Sumedang,2021,Juni,140.0,2.0,142.0,0.014084507042253521,6,2021-06-01
Kab. Sumedang,2021,Juli,81.0,0.0,81.0,0.0,7,2021-07-01
Kab. Sumedang,2021,Agustus,138.0,0.0,138.0,0.0,8,2021-08-01
Kab. Sumedang,2021,September,144.0,0.0,144.0,0.0,9,2021-09-01
Kab. Sumedang,2021,Oktober,142.0,1.0,143.0,0.006993006993006993,10,2021-10-01
Kab. Sumedang,2021,November,196.0,3.0,199.0,0.01507537688442211,11,2021-11-01
Kab. Sumedang,2021,Desember,209.0,1.0,210.0,0.004761904761904762,12,2021-12-01
Kab. Tasikmalaya,2021,Januari,168.0,5.0,173.0,0.028901734104046242,1,2021-01-01
Kab. Tasikmalaya,2021,Februari,145.0,4.0,149.0,0.026845637583892617,2,2021-02-01
Kab. Tasikmalaya,2021,Maret,199.0,5.0,204.0,0.024509803921568627,3,2021-03-01
Kab. Tasikmalaya,2021,April,178.0,2.0,180.0,0.011111111111111112,4,2021-04-01
Kab. Tasikmalaya,2021,Mei,197.0,6.0,203.0,0.029556650246305417,5,2021-05-01
Kab. Tasikmalaya,2021,Juni,193.0,6.0,199.0,0.03015075376884422,6,2021-06-01
Kab. Tasikmalaya,2021,Juli,138.0,3.0,141.0,0.02127659574468085,7,2021-07-01
Kab. Tasikmalaya,2021,Agustus,175.0,3.0,178.0,0.016853932584269662,8,2021-08-01
Kab. Tasikmalaya,2021,September,251.0,10.0,261.0,0.038314176245210725,9,2021-09-01
Kab. Tasikmalaya,2021,Oktober,242.0,5.0,247.0,0.020242914979757085,10,2021-10-01
Kab. Tasikmalaya,2021,November,249.0,7.0,256.0,0.02734375,11,2021-11-01
Kab. Tasikmalaya,2021,Desember,272.0,5.0,277.0,0.018050541516245487,12,2021-12-01
Kota Bandung,2021,Januari,723.0,9.0,732.0,0.012295081967213115,1,2021-01-01
Kota Bandung,2021,Februari,676.0,10.0,686.0,0.014577259475218658,2,2021-02-01
Kota Bandung,2021,Maret,850.0,12.0,862.0,0.013921113689095127,3,2021-03-01
Kota Bandung,2021,April,842.0,11.0,853.0,0.012895662368112544,4,2021-04-01
Kota Bandung,2021,Mei,810.0,11.0,821.0,0.013398294762484775,5,2021-05-01
Kota Bandung,2021,Juni,729.0,10.0,739.0,0.013531799729364006,6,2021-06-01
Kota Bandung,2021,Juli,524.0,8.0,532.0,0.015037593984962405,7,2021-07-01
Kota Bandung,2021,Agustus,753.0,8.0,761.0,0.010512483574244415,8,2021-08-01
Kota Bandung,2021,September,1011.0,15.0,1026.0,0.014619883040935672,9,2021-09-01
Kota Bandung,2021,Oktober,998.0,12.0,1010.0,0.011881188118811881,10,2021-10-01
Kota Bandung,2021,November,1070.0,25.0,1095.0,0.0228310502283105,11,2021-11-01
Kota Bandung,2021,Desember,1179.0,13.0,1192.0,0.010906040268456376,12,2021-12-01
Kota Banjar,2021,Januari,22.0,4.0,26.0,0.15384615384615385,1,2021-01-01
Kota Banjar,2021,Februari,22.0,0.0,22.0,0.0,2,2021-02-01
Kota Banjar,2021,Maret,24.0,0.0,24.0,0.0,3,2021-03-01
Kota Banjar,2021,April,26.0,2.0,28.0,0.07142857142857142,4,2021-04-01
Kota Banjar,2021,Mei,17.0,0.0,17.0,0.0,5,2021-05-01
Kota Banjar,2021,Juni,23.0,1.0,24.0,0.041666666666666664,6,2021-06-01
Kota Banjar,2021,Juli,22.0,0.0,22.0,0.0,7,2021-07-01
Kota Banjar,2021,Agustus,26.0,0.0,26.0,0.0,8,2021-08-01
Kota Banjar,2021,September,39.0,2.0,41.0,0.04878048780487805,9,2021-09-01
Kota Banjar,2021,Oktober,44.0,1.0,45.0,0.022222222222222223,10,2021-10-01
Kota Banjar,2021,November,67.0,1.0,68.0,0.014705882352941176,11,2021-11-01
Kota Banjar,2021,Desember,55.0,1.0,56.0,0.017857142857142856,12,2021-12-01
Kota Bekasi,2021,Januari,601.0,4.0,605.0,0.006611570247933884,1,2021-01-01
Kota Bekasi,2021,Februari,478.0,3.0,481.0,0.006237006237006237,2,2021-02-01
Kota Bekasi,2021,Maret,577.0,2.0,579.0,0.0034542314335060447,3,2021-03-01
Kota Bekasi,2021,April,556.0,4.0,560.0,0.007142857142857143,4,2021-04-01
Kota Bekasi,2021,Mei,515.0,7.0,522.0,0.013409961685823755,5,2021-05-01
Kota Bekasi,2021,Juni,539.0,2.0,541.0,0.0036968576709796672,6,2021-06-01
Kota Bekasi,2021,Juli,349.0,3.0,352.0,0.008522727272727272,7,2021-07-01
Kota Bekasi,2021,Agustus,577.0,9.0,586.0,0.015358361774744027,8,2021-08-01
Kota Bekasi,2021,September,703.0,14.0,717.0,0.019525801952580194,9,2021-09-01
Kota Bekasi,2021,Oktober,691.0,16.0,707.0,0.02263083451202263,10,2021-10-01
Kota Bekasi,2021,November,664.0,15.0,679.0,0.022091310751104567,11,2021-11-01
Kota Bekasi,2021,Desember,718.0,19.0,737.0,0.025780189959294438,12,2021-12-01
Kota Bogor,2021,Januari,400.0,4.0,404.0,0.009900990099009901,1,2021-01-01
Kota Bogor,2021,Februari,311.0,2.0,313.0,0.006389776357827476,2,2021-02-01
Kota Bogor,2021,Maret,384.0,2.0,386.0,0.0051813471502590676,3,2021-03-01
Kota Bogor,2021,April,468.0,4.0,472.0,0.00847457627118644,4,2021-04-01
Kota Bogor,2021,Mei,376.0,3.0,379.0,0.0079155672823219,5,2021-05-01
Kota Bogor,2021,Juni,432.0,3.0,435.0,0.006896551724137931,6,2021-06-01
Kota Bogor,2021,Juli,308.0,1.0,309.0,0.003236245954692557,7,2021-07-01
Kota Bogor,2021,Agustus,343.0,5.0,348.0,0.014367816091954023,8,2021-08-01
Kota Bogor,2021,September,481.0,3.0,484.0,0.006198347107438017,9,2021-09-01
Kota Bogor,2021,Oktober,444.0,8.0,452.0,0.017699115044247787,10,2021-10-01
Kota Bogor,2021,November,459.0,8.0,467.0,0.017130620985010708,11,2021-11-01
Kota Bogor,2021,Desember,506.0,5.0,511.0,0.009784735812133072,12,2021-12-01
Kota Cimahi,2021,Januari,149.0,2.0,151.0,0.013245033112582781,1,2021-01-01
Kota Cimahi,2021,Februari,151.0,0.0,151.0,0.0,2,2021-02-01
Kota Cimahi,2021,Maret,158.0,0.0,158.0,0.0,3,2021-03-01
Kota Cimahi,2021,April,164.0,4.0,168.0,0.023809523809523808,4,2021-04-01
Kota Cimahi,2021,Mei,141.0,2.0,143.0,0.013986013986013986,5,2021-05-01
Kota Cimahi,2021,Juni,116.0,0.0,116.0,0.0,6,2021-06-01
Kota Cimahi,2021,Juli,93.0,2.0,95.0,0.021052631578947368,7,2021-07-01
Kota Cimahi,2021,Agustus,134.0,1.0,135.0,0.007407407407407408,8,2021-08-01
Kota Cimahi,2021,September,223.0,4.0,227.0,0.01762114537444934,9,2021-09-01
Kota Cimahi,2021,Oktober,307.0,1.0,308.0,0.003246753246753247,10,2021-10-01
Kota Cimahi,2021,November,224.0,5.0,229.0,0.021834061135371178,11,2021-11-01
Kota Cimahi,2021,Desember,182.0,2.0,184.0,0.010869565217391304,12,2021-12-01
Kota Cirebon,2021,Januari,166.0,4.0,170.0,0.023529411764705882,1,2021-01-01
Kota Cirebon,2021,Februari,130.0,3.0,133.0,0.022556390977443608,2,2021-02-01
Kota Cirebon,2021,Maret,202.0,10.0,212.0,0.04716981132075472,3,2021-03-01
Kota Cirebon,2021,April,197.0,4.0,201.0,0.01990049751243781,4,2021-04-01
Kota Cirebon,2021,Mei,193.0,4.0,197.0,0.02030456852791878,5,2021-05-01
Kota Cirebon,2021,Juni,211.0,2.0,213.0,0.009389671361502348,6,2021-06-01
Kota Cirebon,2021,Juli,112.0,0.0,112.0,0.0,7,2021-07-01
Kota Cirebon,2021,Agustus,168.0,4.0,172.0,0.023255813953488372,8,2021-08-01
Kota Cirebon,2021,September,205.0,4.0,209.0,0.019138755980861243,9,2021-09-01
Kota Cirebon,2021,Oktober,237.0,5.0,242.0,0.02066115702479339,10,2021-10-01
Kota Cirebon,2021,November,289.0,4.0,293.0,0.013651877133105802,11,2021-11-01
Kota Cirebon,2021,Desember,197.0,11.0,208.0,0.052884615384615384,12,2021-12-01
Kota Depok,2021,Januari,292.0,5.0,297.0,0.016835016835016835,1,2021-01-01
Kota Depok,2021,Februari,312.0,5.0,317.0,0.015772870662460567,2,2021-02-01
Kota Depok,2021,Maret,346.0,7.0,353.0,0.019830028328611898,3,2021-03-01
Kota Depok,2021,April,403.0,7.0,410.0,0.01707317073170732,4,2021-04-01
Kota Depok,2021,Mei,327.0,5.0,332.0,0.015060240963855422,5,2021-05-01
Kota Depok,2021,Juni,340.0,5.0,345.0,0.014492753623188406,6,2021-06-01
Kota Depok,2021,Juli,254.0,3.0,257.0,0.011673151750972763,7,2021-07-01
Kota Depok,2021,Agustus,367.0,8.0,375.0,0.021333333333333333,8,2021-08-01
Kota Depok,2021,September,426.0,7.0,433.0,0.016166281755196306,9,2021-09-01
Kota Depok,2021,Oktober,428.0,9.0,437.0,0.020594965675057208,10,2021-10-01
Kota Depok,2021,November,438.0,15.0,453.0,0.033112582781456956,11,2021-11-01
Kota Depok,2021,Desember,462.0,8.0,470.0,0.01702127659574468,12,2021-12-01
Kota Sukabumi,2021,Januari,109.0,2.0,111.0,0.018018018018018018,1,2021-01-01
Kota Sukabumi,2021,Februari,119.0,3.0,122.0,0.02459016393442623,2,2021-02-01
Kota Sukabumi,2021,Maret,140.0,0.0,140.0,0.0,3,2021-03-01
Kota Sukabumi,2021,April,136.0,0.0,136.0,0.0,4,2021-04-01
Kota Sukabumi,2021,Mei,142.0,2.0,144.0,0.013888888888888888,5,2021-05-01
Kota Sukabumi,2021,Juni,153.0,1.0,154.0,0.006493506493506494,6,2021-06-01
Kota Sukabumi,2021,Juli,79.0,3.0,82.0,0.036585365853658534,7,2021-07-01
Kota Sukabumi,2021,Agustus,112.0,2.0,114.0,0.017543859649122806,8,2021-08-01
Kota Sukabumi,2021,September,138.0,1.0,139.0,0.007194244604316547,9,2021-09-01
Kota Sukabumi,2021,Oktober,138.0,1.0,139.0,0.007194244604316547,10,2021-10-01
Kota Sukabumi,2021,November,176.0,9.0,185.0,0.04864864864864865,11,2021-11-01
Kota Sukabumi,2021,Desember,187.0,1.0,188.0,0.005319148936170213,12,2021-12-01
Kota Tasikmalaya,2021,Januari,118.0,3.0,121.0,0.024793388429752067,1,2021-01-01
Kota Tasikmalaya,2021,Februari,106.0,2.0,108.0,0.018518518518518517,2,2021-02-01
Kota Tasikmalaya,2021,Maret,121.0,4.0,125.0,0.032,3,2021-03-01
Kota Tasikmalaya,2021,April,125.0,1.0,126.0,0.007936507936507936,4,2021-04-01
Kota Tasikmalaya,2021,Mei,106.0,4.0,110.0,0.03636363636363636,5,2021-05-01
Kota Tasikmalaya,2021,Juni,124.0,6.0,130.0,0.046153846153846156,6,2021-06-01
Kota Tasikmalaya,2021,Juli,79.0,3.0,82.0,0.036585365853658534,7,2021-07-01
Kota Tasikmalaya,2021,Agustus,92.0,2.0,94.0,0.02127659574468085,8,2021-08-01
Kota Tasikmalaya,2021,September,145.0,2.0,147.0,0.013605442176870748,9,2021-09-01
Kota Tasikmalaya,2021,Oktober,168.0,7.0,175.0,0.04,10,2021-10-01
Kota Tasikmalaya,2021,November,242.0,13.0,255.0,0.050980392156862744,11,2021-11-01
Kota Tasikmalaya,2021,Desember,244.0,10.0,254.0,0.03937007874015748,12,2021-12-01
Kab. Bandung,2022,Januari,860.0,9.0,869.0,0.010356731875719217,1,2022-01-01
Kab. Bandung,2022,Februari,698.0,10.0,708.0,0.014124293785310734,2,2022-02-01
Kab. Bandung,2022,Maret,795.0,9.0,804.0,0.011194029850746268,3,2022-03-01
Kab. Bandung,2022,April,736.0,7.0,743.0,0.009421265141318977,4,2022-04-01
Kab. Bandung,2022,Mei,817.0,16.0,833.0,0.01920768307322929,5,2022-05-01
Kab. Bandung,2022,Juni,878.0,14.0,892.0,0.01569506726457399,6,2022-06-01
Kab. Bandung,2022,Juli,901.0,10.0,911.0,0.010976948408342482,7,2022-07-01
Kab. Bandung,2022,Agustus,953.0,12.0,965.0,0.012435233160621761,8,2022-08-01
Kab. Bandung,2022,September,1031.0,11.0,1042.0,0.01055662188099808,9,2022-09-01
Kab. Bandung,2022,Oktober,1094.0,6.0,1100.0,0.005454545454545455,10,2022-10-01
Kab. Bandung,2022,November,1275.0,14.0,1289.0,0.010861132660977503,11,2022-11-01
Kab. Bandung,2022,Desember,1483.0,9.0,1492.0,0.006032171581769437,12,2022-12-01
Kab. Bandung Barat,2022,Januari,267.0,2.0,269.0,0.007434944237918215,1,2022-01-01
Kab. Bandung Barat,2022,Februari,177.0,5.0,182.0,0.027472527472527472,2,2022-02-01
Kab. Bandung Barat,2022,Maret,242.0,1.0,243.0,0.00411522633744856,3,2022-03-01
Kab. Bandung Barat,2022,April,206.0,2.0,208.0,0.009615384615384616,4,2022-04-01
Kab. Bandung Barat,2022,Mei,232.0,1.0,233.0,0.004291845493562232,5,2022-05-01
Kab. Bandung Barat,2022,Juni,239.0,1.0,240.0,0.004166666666666667,6,2022-06-01
Kab. Bandung Barat,2022,Juli,251.0,1.0,252.0,0.003968253968253968,7,2022-07-01
Kab. Bandung Barat,2022,Agustus,281.0,4.0,285.0,0.014035087719298246,8,2022-08-01
Kab. Bandung Barat,2022,September,282.0,3.0,285.0,0.010526315789473684,9,2022-09-01
Kab. Bandung Barat,2022,Oktober,324.0,6.0,330.0,0.01818181818181818,10,2022-10-01
Kab. Bandung Barat,2022,November,330.0,9.0,339.0,0.02654867256637168,11,2022-11-01
Kab. Bandung Barat,2022,Desember,331.0,1.0,332.0,0.0030120481927710845,12,2022-12-01
Kab. Bekasi,2022,Januari,826.0,8.0,834.0,0.009592326139088728,1,2022-01-01
Kab. Bekasi,2022,Februari,435.0,1.0,436.0,0.0022935779816513763,2,2022-02-01
Kab. Bekasi,2022,Maret,635.0,5.0,640.0,0.0078125,3,2022-03-01
Kab. Bekasi,2022,April,660.0,6.0,666.0,0.009009009009009009,4,2022-04-01
Kab. Bekasi,2022,Mei,705.0,18.0,723.0,0.024896265560165973,5,2022-05-01
Kab. Bekasi,2022,Juni,834.0,12.0,846.0,0.014184397163120567,6,2022-06-01
Kab. Bekasi,2022,Juli,833.0,22.0,855.0,0.025730994152046785,7,2022-07-01
Kab. Bekasi,2022,Agustus,922.0,23.0,945.0,0.02433862433862434,8,2022-08-01
Kab. Bekasi,2022,September,999.0,21.0,1020.0,0.020588235294117647,9,2022-09-01
Kab. Bekasi,2022,Oktober,1040.0,17.0,1057.0,0.01608325449385052,10,2022-10-01
Kab. Bekasi,2022,November,1137.0,16.0,1153.0,0.013876843018213356,11,2022-11-01
Kab. Bekasi,2022,Desember,1101.0,14.0,1115.0,0.012556053811659192,12,2022-12-01
Kab. Bogor,2022,Januari,2092.0,41.0,2133.0,0.01922175339896859,1,2022-01-01
Kab. Bogor,2022,Februari,1188.0,29.0,1217.0,0.0238290879211175,2,2022-02-01
Kab. Bogor,2022,Maret,1674.0,30.0,1704.0,0.017605633802816902,3,2022-03-01
Kab. Bogor,2022,April,1706.0,25.0,1731.0,0.014442518775274409,4,2022-04-01
Kab. Bogor,2022,Mei,1702.0,31.0,1733.0,0.01788805539526832,5,2022-05-01
Kab. Bogor,2022,Juni,1899.0,40.0,1939.0,0.020629190304280558,6,2022-06-01
Kab. Bogor,2022,Juli,1914.0,41.0,1955.0,0.020971867007672635,7,2022-07-01
Kab. Bogor,2022,Agustus,2115.0,51.0,2166.0,0.023545706371191136,8,2022-08-01
Kab. Bogor,2022,September,2235.0,36.0,2271.0,0.015852047556142668,9,2022-09-01
Kab. Bogor,2022,Oktober,2253.0,55.0,2308.0,0.023830155979202773,10,2022-10-01
Kab. Bogor,2022,November,2344.0,52.0,2396.0,0.021702838063439065,11,2022-11-01
Kab. Bogor,2022,Desember,2629.0,49.0,2678.0,0.018297236743838687,12,2022-12-01
Kab. Ciamis,2022,Januari,256.0,1.0,257.0,0.0038910505836575876,1,2022-01-01
Kab. Ciamis,2022,Februari,197.0,1.0,198.0,0.005050505050505051,2,2022-02-01
Kab. Ciamis,2022,Maret,225.0,3.0,228.0,0.013157894736842105,3,2022-03-01
Kab. Ciamis,2022,April,194.0,5.0,199.0,0.02512562814070352,4,2022-04-01
Kab. Ciamis,2022,Mei,211.0,4.0,215.0,0.018604651162790697,5,2022-05-01
Kab. Ciamis,2022,Juni,254.0,2.0,256.0,0.0078125,6,2022-06-01
Kab. Ciamis,2022,Juli,246.0,5.0,251.0,0.0199203187250996,7,2022-07-01
Kab. Ciamis,2022,Agustus,244.0,2.0,246.0,0.008130081300813009,8,2022-08-01
Kab. Ciamis,2022,September,287.0,5.0,292.0,0.017123287671232876,9,2022-09-01
Kab. Ciamis,2022,Oktober,310.0,2.0,312.0,0.00641025641025641,10,2022-10-01
Kab. Ciamis,2022,November,340.0,3.0,343.0,0.008746355685131196,11,2022-11-01
Kab. Ciamis,2022,Desember,305.0,2.0,307.0,0.006514657980456026,12,2022-12-01
Kab. Cianjur,2022,Januari,783.0,4.0,787.0,0.005082592121982211,1,2022-01-01
Kab. Cianjur,2022,Februari,442.0,2.0,444.0,0.0045045045045045045,2,2022-02-01
Kab. Cianjur,2022,Maret,595.0,7.0,602.0,0.011627906976744186,3,2022-03-01
Kab. Cianjur,2022,April,554.0,4.0,558.0,0.007168458781362007,4,2022-04-01
Kab. Cianjur,2022,Mei,581.0,9.0,590.0,0.015254237288135594,5,2022-05-01
Kab. Cianjur,2022,Juni,686.0,13.0,699.0,0.01859799713876967,6,2022-06-01
Kab. Cianjur,2022,Juli,660.0,12.0,672.0,0.017857142857142856,7,2022-07-01
Kab. Cianjur,2022,Agustus,830.0,14.0,844.0,0.016587677725118485,8,2022-08-01
Kab. Cianjur,2022,September,813.0,10.0,823.0,0.012150668286755772,9,2022-09-01
Kab. Cianjur,2022,Oktober,714.0,6.0,720.0,0.008333333333333333,10,2022-10-01
Kab. Cianjur,2022,November,696.0,9.0,705.0,0.01276595744680851,11,2022-11-01
Kab. Cianjur,2022,Desember,681.0,8.0,689.0,0.011611030478955007,12,2022-12-01
Kab. Cirebon,2022,Januari,686.0,12.0,698.0,0.017191977077363897,1,2022-01-01
Kab. Cirebon,2022,Februari,406.0,7.0,413.0,0.01694915254237288,2,2022-02-01
Kab. Cirebon,2022,Maret,535.0,10.0,545.0,0.01834862385321101,3,2022-03-01
Kab. Cirebon,2022,April,443.0,15.0,458.0,0.03275109170305677,4,2022-04-01
Kab. Cirebon,2022,Mei,551.0,9.0,560.0,0.01607142857142857,5,2022-05-01
Kab. Cirebon,2022,Juni,630.0,9.0,639.0,0.014084507042253521,6,2022-06-01
Kab. Cirebon,2022,Juli,548.0,11.0,559.0,0.01967799642218247,7,2022-07-01
Kab. Cirebon,2022,Agustus,715.0,15.0,730.0,0.02054794520547945,8,2022-08-01
Kab. Cirebon,2022,September,680.0,15.0,695.0,0.02158273381294964,9,2022-09-01
Kab. Cirebon,2022,Oktober,723.0,2.0,725.0,0.002758620689655172,10,2022-10-01
Kab. Cirebon,2022,November,842.0,14.0,856.0,0.016355140186915886,11,2022-11-01
Kab. Cirebon,2022,Desember,880.0,16.0,896.0,0.017857142857142856,12,2022-12-01
Kab. Garut,2022,Januari,795.0,5.0,800.0,0.00625,1,2022-01-01
Kab. Garut,2022,Februari,510.0,2.0,512.0,0.00390625,2,2022-02-01
Kab. Garut,2022,Maret,565.0,7.0,572.0,0.012237762237762238,3,2022-03-01
Kab. Garut,2022,April,538.0,4.0,542.0,0.007380073800738007,4,2022-04-01
Kab. Garut,2022,Mei,638.0,6.0,644.0,0.009316770186335404,5,2022-05-01
Kab. Garut,2022,Juni,637.0,12.0,649.0,0.01848998459167951,6,2022-06-01
Kab. Garut,2022,Juli,608.0,5.0,613.0,0.008156606851549755,7,2022-07-01
Kab. Garut,2022,Agustus,722.0,10.0,732.0,0.01366120218579235,8,2022-08-01
Kab. Garut,2022,September,789.0,10.0,799.0,0.012515644555694618,9,2022-09-01
Kab. Garut,2022,Oktober,671.0,8.0,679.0,0.011782032400589101,10,2022-10-01
Kab. Garut,2022,November,756.0,7.0,763.0,0.009174311926605505,11,2022-11-01
Kab. Garut,2022,Desember,707.0,7.0,714.0,0.00980392156862745,12,2022-12-01
Kab. Indramayu,2022,Januari,327.0,6.0,333.0,0.018018018018018018,1,2022-01-01
Kab. Indramayu,2022,Februari,183.0,3.0,186.0,0.016129032258064516,2,2022-02-01
Kab. Indramayu,2022,Maret,237.0,8.0,245.0,0.0326530612244898,3,2022-03-01
Kab. Indramayu,2022,April,212.0,3.0,215.0,0.013953488372093023,4,2022-04-01
Kab. Indramayu,2022,Mei,202.0,6.0,208.0,0.028846153846153848,5,2022-05-01
Kab. Indramayu,2022,Juni,249.0,8.0,257.0,0.0311284046692607,6,2022-06-01
Kab. Indramayu,2022,Juli,243.0,9.0,252.0,0.03571428571428571,7,2022-07-01
Kab. Indramayu,2022,Agustus,341.0,7.0,348.0,0.020114942528735632,8,2022-08-01
Kab. Indramayu,2022,September,390.0,7.0,397.0,0.017632241813602016,9,2022-09-01
Kab. Indramayu,2022,Oktober,351.0,11.0,362.0,0.03038674033149171,10,2022-10-01
Kab. Indramayu,2022,November,431.0,10.0,441.0,0.022675736961451247,11,2022-11-01
Kab. Indramayu,2022,Desember,317.0,9.0,326.0,0.027607361963190184,12,2022-12-01
Kab. Karawang,2022,Januari,908.0,30.0,938.0,0.031982942430703626,1,2022-01-01
Kab. Karawang,2022,Februari,581.0,15.0,596.0,0.025167785234899327,2,2022-02-01
Kab. Karawang,2022,Maret,751.0,15.0,766.0,0.0195822454308094,3,2022-03-01
Kab. Karawang,2022,April,608.0,13.0,621.0,0.020933977455716585,4,2022-04-01
Kab. Karawang,2022,Mei,718.0,23.0,741.0,0.0310391363022942,5,2022-05-01
Kab. Karawang,2022,Juni,805.0,16.0,821.0,0.0194884287454324,6,2022-06-01
Kab. Karawang,2022,Juli,853.0,16.0,869.0,0.018411967779056387,7,2022-07-01
Kab. Karawang,2022,Agustus,953.0,21.0,974.0,0.021560574948665298,8,2022-08-01
Kab. Karawang,2022,September,993.0,14.0,1007.0,0.013902681231380337,9,2022-09-01
Kab. Karawang,2022,Oktober,958.0,11.0,969.0,0.011351909184726523,10,2022-10-01
Kab. Karawang,2022,November,1056.0,22.0,1078.0,0.02040816326530612,11,2022-11-01
Kab. Karawang,2022,Desember,994.0,21.0,1015.0,0.020689655172413793,12,2022-12-01
Kab. Kuningan,2022,Januari,270.0,6.0,276.0,0.021739130434782608,1,2022-01-01
Kab. Kuningan,2022,Februari,184.0,2.0,186.0,0.010752688172043012,2,2022-02-01
Kab. Kuningan,2022,Maret,228.0,6.0,234.0,0.02564102564102564,3,2022-03-01
Kab. Kuningan,2022,April,190.0,2.0,192.0,0.010416666666666666,4,2022-04-01
Kab. Kuningan,2022,Mei,211.0,4.0,215.0,0.018604651162790697,5,2022-05-01
Kab. Kuningan,2022,Juni,251.0,5.0,256.0,0.01953125,6,2022-06-01
Kab. Kuningan,2022,Juli,243.0,1.0,244.0,0.004098360655737705,7,2022-07-01
Kab. Kuningan,2022,Agustus,284.0,4.0,288.0,0.013888888888888888,8,2022-08-01
Kab. Kuningan,2022,September,285.0,5.0,290.0,0.017241379310344827,9,2022-09-01
Kab. Kuningan,2022,Oktober,259.0,4.0,263.0,0.015209125475285171,10,2022-10-01
Kab. Kuningan,2022,November,255.0,4.0,259.0,0.015444015444015444,11,2022-11-01
Kab. Kuningan,2022,Desember,251.0,7.0,258.0,0.027131782945736434,12,2022-12-01
Kab. Majalengka,2022,Januari,244.0,2.0,246.0,0.008130081300813009,1,2022-01-01
Kab. Majalengka,2022,Februari,169.0,3.0,172.0,0.01744186046511628,2,2022-02-01
Kab. Majalengka,2022,Maret,192.0,0.0,192.0,0.0,3,2022-03-01
Kab. Majalengka,2022,April,216.0,2.0,218.0,0.009174311926605505,4,2022-04-01
Kab. Majalengka,2022,Mei,222.0,2.0,224.0,0.008928571428571428,5,2022-05-01
Kab. Majalengka,2022,Juni,272.0,2.0,274.0,0.0072992700729927005,6,2022-06-01
Kab. Majalengka,2022,Juli,238.0,2.0,240.0,0.008333333333333333,7,2022-07-01
Kab. Majalengka,2022,Agustus,320.0,4.0,324.0,0.012345679012345678,8,2022-08-01
Kab. Majalengka,2022,September,315.0,2.0,317.0,0.006309148264984227,9,2022-09-01
Kab. Majalengka,2022,Oktober,330.0,4.0,334.0,0.011976047904191617,10,2022-10-01
Kab. Majalengka,2022,November,378.0,5.0,383.0,0.013054830287206266,11,2022-11-01
Kab. Majalengka,2022,Desember,381.0,7.0,388.0,0.01804123711340206,12,2022-12-01
Kab. Pangandaran,2022,Januari,76.0,1.0,77.0,0.012987012987012988,1,2022-01-01
Kab. Pangandaran,2022,Februari,40.0,0.0,40.0,0.0,2,2022-02-01
Kab. Pangandaran,2022,Maret,55.0,2.0,57.0,0.03508771929824561,3,2022-03-01
Kab. Pangandaran,2022,April,59.0,1.0,60.0,0.016666666666666666,4,2022-04-01
Kab. Pangandaran,2022,Mei,69.0,2.0,71.0,0.028169014084507043,5,2022-05-01
Kab. Pangandaran,2022,Juni,64.0,2.0,66.0,0.030303030303030304,6,2022-06-01
Kab. Pangandaran,2022,Juli,75.0,1.0,76.0,0.013157894736842105,7,2022-07-01
Kab. Pangandaran,2022,Agustus,66.0,0.0,66.0,0.0,8,2022-08-01
Kab. Pangandaran,2022,September,72.0,1.0,73.0,0.0136986301369863,9,2022-09-01
Kab. Pangandaran,2022,Oktober,80.0,2.0,82.0,0.024390243902439025,10,2022-10-01
Kab. Pangandaran,2022,November,76.0,1.0,77.0,0.012987012987012988,11,2022-11-01
Kab. Pangandaran,2022,Desember,72.0,0.0,72.0,0.0,12,2022-12-01
Kab. Purwakarta,2022,Januari,579.0,5.0,584.0,0.008561643835616438,1,2022-01-01
Kab. Purwakarta,2022,Februari,285.0,1.0,286.0,0.0034965034965034965,2,2022-02-01
Kab. Purwakarta,2022,Maret,331.0,0.0,331.0,0.0,3,2022-03-01
Kab. Purwakarta,2022,April,347.0,4.0,351.0,0.011396011396011397,4,2022-04-01
Kab. Purwakarta,2022,Mei,366.0,2.0,368.0,0.005434782608695652,5,2022-05-01
Kab. Purwakarta,2022,Juni,418.0,6.0,424.0,0.014150943396226415,6,2022-06-01
Kab. Purwakarta,2022,Juli,363.0,4.0,367.0,0.010899182561307902,7,2022-07-01
Kab. Purwakarta,2022,Agustus,497.0,3.0,500.0,0.006,8,2022-08-01
Kab. Purwakarta,2022,September,489.0,2.0,491.0,0.004073319755600814,9,2022-09-01
Kab. Purwakarta,2022,Oktober,495.0,3.0,498.0,0.006024096385542169,10,2022-10-01
Kab. Purwakarta,2022,November,495.0,5.0,500.0,0.01,11,2022-11-01
Kab. Purwakarta,2022,Desember,465.0,3.0,468.0,0.00641025641025641,12,2022-12-01
Kab. Subang,2022,Januari,406.0,6.0,412.0,0.014563106796116505,1,2022-01-01
Kab. Subang,2022,Februari,285.0,3.0,288.0,0.010416666666666666,2,2022-02-01
Kab. Subang,2022,Maret,358.0,3.0,361.0,0.008310249307479225,3,2022-03-01
Kab. Subang,2022,April,338.0,2.0,340.0,0.0058823529411764705,4,2022-04-01
Kab. Subang,2022,Mei,292.0,2.0,294.0,0.006802721088435374,5,2022-05-01
Kab. Subang,2022,Juni,437.0,6.0,443.0,0.013544018058690745,6,2022-06-01
Kab. Subang,2022,Juli,385.0,4.0,389.0,0.010282776349614395,7,2022-07-01
Kab. Subang,2022,Agustus,477.0,4.0,481.0,0.008316008316008316,8,2022-08-01
Kab. Subang,2022,September,550.0,6.0,556.0,0.01079136690647482,9,2022-09-01
Kab. Subang,2022,Oktober,572.0,7.0,579.0,0.012089810017271158,10,2022-10-01
Kab. Subang,2022,November,451.0,4.0,455.0,0.008791208791208791,11,2022-11-01
Kab. Subang,2022,Desember,362.0,4.0,366.0,0.01092896174863388,12,2022-12-01
Kab. Sukabumi,2022,Januari,790.0,10.0,800.0,0.0125,1,2022-01-01
Kab. Sukabumi,2022,Februari,620.0,3.0,623.0,0.004815409309791332,2,2022-02-01
Kab. Sukabumi,2022,Maret,554.0,13.0,567.0,0.02292768959435626,3,2022-03-01
Kab. Sukabumi,2022,April,639.0,10.0,649.0,0.015408320493066256,4,2022-04-01
Kab. Sukabumi,2022,Mei,664.0,6.0,670.0,0.008955223880597015,5,2022-05-01
Kab. Sukabumi,2022,Juni,762.0,14.0,776.0,0.01804123711340206,6,2022-06-01
Kab. Sukabumi,2022,Juli,769.0,11.0,780.0,0.014102564102564103,7,2022-07-01
Kab. Sukabumi,2022,Agustus,763.0,4.0,767.0,0.005215123859191656,8,2022-08-01
Kab. Sukabumi,2022,September,866.0,12.0,878.0,0.01366742596810934,9,2022-09-01
Kab. Sukabumi,2022,Oktober,853.0,10.0,863.0,0.011587485515643106,10,2022-10-01
Kab. Sukabumi,2022,November,866.0,11.0,877.0,0.012542759407069556,11,2022-11-01
Kab. Sukabumi,2022,Desember,795.0,12.0,807.0,0.01486988847583643,12,2022-12-01
Kab. Sumedang,2022,Januari,242.0,0.0,242.0,0.0,1,2022-01-01
Kab. Sumedang,2022,Februari,189.0,4.0,193.0,0.02072538860103627,2,2022-02-01
Kab. Sumedang,2022,Maret,189.0,6.0,195.0,0.03076923076923077,3,2022-03-01
Kab. Sumedang,2022,April,180.0,4.0,184.0,0.021739130434782608,4,2022-04-01
Kab. Sumedang,2022,Mei,204.0,0.0,204.0,0.0,5,2022-05-01
Kab. Sumedang,2022,Juni,231.0,2.0,233.0,0.008583690987124463,6,2022-06-01
Kab. Sumedang,2022,Juli,228.0,7.0,235.0,0.029787234042553193,7,2022-07-01
Kab. Sumedang,2022,Agustus,250.0,7.0,257.0,0.027237354085603113,8,2022-08-01
Kab. Sumedang,2022,September,249.0,6.0,255.0,0.023529411764705882,9,2022-09-01
Kab. Sumedang,2022,Oktober,240.0,1.0,241.0,0.004149377593360996,10,2022-10-01
Kab. Sumedang,2022,November,243.0,3.0,246.0,0.012195121951219513,11,2022-11-01
Kab. Sumedang,2022,Desember,246.0,3.0,249.0,0.012048192771084338,12,2022-12-01
Kab. Tasikmalaya,2022,Januari,292.0,3.0,295.0,0.010169491525423728,1,2022-01-01
Kab. Tasikmalaya,2022,Februari,193.0,7.0,200.0,0.035,2,2022-02-01
Kab. Tasikmalaya,2022,Maret,232.0,6.0,238.0,0.025210084033613446,3,2022-03-01
Kab. Tasikmalaya,2022,April,245.0,4.0,249.0,0.01606425702811245,4,2022-04-01
Kab. Tasikmalaya,2022,Mei,289.0,6.0,295.0,0.020338983050847456,5,2022-05-01
Kab. Tasikmalaya,2022,Juni,256.0,7.0,263.0,0.026615969581749048,6,2022-06-01
Kab. Tasikmalaya,2022,Juli,272.0,5.0,277.0,0.018050541516245487,7,2022-07-01
Kab. Tasikmalaya,2022,Agustus,278.0,13.0,291.0,0.044673539518900345,8,2022-08-01
Kab. Tasikmalaya,2022,September,321.0,2.0,323.0,0.006191950464396285,9,2022-09-01
Kab. Tasikmalaya,2022,Oktober,294.0,10.0,304.0,0.03289473684210526,10,2022-10-01
Kab. Tasikmalaya,2022,November,345.0,4.0,349.0,0.011461318051575931,11,2022-11-01
Kab. Tasikmalaya,2022,Desember,312.0,9.0,321.0,0.028037383177570093,12,2022-12-01
Kota Bandung,2022,Januari,1439.0,14.0,1453.0,0.009635237439779766,1,2022-01-01
Kota Bandung,2022,Februari,1041.0,9.0,1050.0,0.008571428571428572,2,2022-02-01
Kota Bandung,2022,Maret,1057.0,14.0,1071.0,0.013071895424836602,3,2022-03-01
Kota Bandung,2022,April,1133.0,30.0,1163.0,0.025795356835769563,4,2022-04-01
Kota Bandung,2022,Mei,1096.0,11.0,1107.0,0.00993676603432701,5,2022-05-01
Kota Bandung,2022,Juni,1234.0,12.0,1246.0,0.009630818619582664,6,2022-06-01
Kota Bandung,2022,Juli,1289.0,20.0,1309.0,0.015278838808250574,7,2022-07-01
Kota Bandung,2022,Agustus,1442.0,24.0,1466.0,0.01637107776261937,8,2022-08-01
Kota Bandung,2022,September,1502.0,25.0,1527.0,0.016371971185330715,9,2022-09-01
Kota Bandung,2022,Oktober,1643.0,25.0,1668.0,0.01498800959232614,10,2022-10-01
Kota Bandung,2022,November,1717.0,13.0,1730.0,0.007514450867052023,11,2022-11-01
Kota Bandung,2022,Desember,1605.0,13.0,1618.0,0.008034610630407911,12,2022-12-01
Kota Banjar,2022,Januari,47.0,1.0,48.0,0.020833333333333332,1,2022-01-01
Kota Banjar,2022,Februari,39.0,0.0,39.0,0.0,2,2022-02-01
Kota Banjar,2022,Maret,40.0,0.0,40.0,0.0,3,2022-03-01
Kota Banjar,2022,April,49.0,1.0,50.0,0.02,4,2022-04-01
Kota Banjar,2022,Mei,55.0,0.0,55.0,0.0,5,2022-05-01
Kota Banjar,2022,Juni,55.0,2.0,57.0,0.03508771929824561,6,2022-06-01
Kota Banjar,2022,Juli,56.0,1.0,57.0,0.017543859649122806,7,2022-07-01
Kota Banjar,2022,Agustus,73.0,1.0,74.0,0.013513513513513514,8,2022-08-01
Kota Banjar,2022,September,73.0,0.0,73.0,0.0,9,2022-09-01
Kota Banjar,2022,Oktober,75.0,1.0,76.0,0.013157894736842105,10,2022-10-01
Kota Banjar,2022,November,160.0,0.0,160.0,0.0,11,2022-11-01
Kota Banjar,2022,Desember,113.0,5.0,118.0,0.0423728813559322,12,2022-12-01
Kota Bekasi,2022,Januari,925.0,13.0,938.0,0.013859275053304905,1,2022-01-01
Kota Bekasi,2022,Februari,560.0,5.0,565.0,0.008849557522123894,2,2022-02-01
Kota Bekasi,2022,Maret,865.0,16.0,881.0,0.018161180476730987,3,2022-03-01
Kota Bekasi,2022,April,802.0,14.0,816.0,0.01715686274509804,4,2022-04-01
Kota Bekasi,2022,Mei,832.0,13.0,845.0,0.015384615384615385,5,2022-05-01
Kota Bekasi,2022,Juni,1052.0,17.0,1069.0,0.015902712815715623,6,2022-06-01
Kota Bekasi,2022,Juli,1053.0,21.0,1074.0,0.019553072625698324,7,2022-07-01
Kota Bekasi,2022,Agustus,1148.0,18.0,1166.0,0.015437392795883362,8,2022-08-01
Kota Bekasi,2022,September,1198.0,16.0,1214.0,0.013179571663920923,9,2022-09-01
Kota Bekasi,2022,Oktober,1290.0,18.0,1308.0,0.013761467889908258,10,2022-10-01
Kota Bekasi,2022,November,1232.0,12.0,1244.0,0.00964630225080386,11,2022-11-01
Kota Bekasi,2022,Desember,1259.0,15.0,1274.0,0.011773940345368918,12,2022-12-01
Kota Bogor,2022,Januari,707.0,6.0,713.0,0.008415147265077139,1,2022-01-01
Kota Bogor,2022,Februari,472.0,4.0,476.0,0.008403361344537815,2,2022-02-01
Kota Bogor,2022,Maret,618.0,16.0,634.0,0.025236593059936908,3,2022-03-01
Kota Bogor,2022,April,618.0,13.0,631.0,0.020602218700475437,4,2022-04-01
Kota Bogor,2022,Mei,684.0,20.0,704.0,0.028409090909090908,5,2022-05-01
Kota Bogor,2022,Juni,788.0,17.0,805.0,0.02111801242236025,6,2022-06-01
Kota Bogor,2022,Juli,675.0,10.0,685.0,0.014598540145985401,7,2022-07-01
Kota Bogor,2022,Agustus,792.0,11.0,803.0,0.0136986301369863,8,2022-08-01
Kota Bogor,2022,September,828.0,12.0,840.0,0.014285714285714285,9,2022-09-01
Kota Bogor,2022,Oktober,767.0,18.0,785.0,0.022929936305732482,10,2022-10-01
Kota Bogor,2022,November,861.0,16.0,877.0,0.018244013683010263,11,2022-11-01
Kota Bogor,2022,Desember,803.0,16.0,819.0,0.019536019536019536,12,2022-12-01
Kota Cimahi,2022,Januari,384.0,1.0,385.0,0.0025974025974025974,1,2022-01-01
Kota Cimahi,2022,Februari,335.0,2.0,337.0,0.005934718100890208,2,2022-02-01
Kota Cimahi,2022,Maret,292.0,3.0,295.0,0.010169491525423728,3,2022-03-01
Kota Cimahi,2022,April,310.0,4.0,314.0,0.012738853503184714,4,2022-04-01
Kota Cimahi,2022,Mei,317.0,0.0,317.0,0.0,5,2022-05-01
Kota Cimahi,2022,Juni,321.0,2.0,323.0,0.006191950464396285,6,2022-06-01
Kota Cimahi,2022,Juli,364.0,2.0,366.0,0.00546448087431694,7,2022-07-01
Kota Cimahi,2022,Agustus,467.0,3.0,470.0,0.006382978723404255,8,2022-08-01
Kota Cimahi,2022,September,413.0,9.0,422.0,0.02132701421800948,9,2022-09-01
Kota Cimahi,2022,Oktober,525.0,6.0,531.0,0.011299435028248588,10,2022-10-01
Kota Cimahi,2022,November,618.0,6.0,624.0,0.009615384615384616,11,2022-11-01
Kota Cimahi,2022,Desember,591.0,5.0,596.0,0.008389261744966443,12,2022-12-01
Kota Cirebon,2022,Januari,313.0,7.0,320.0,0.021875,1,2022-01-01
Kota Cirebon,2022,Februari,188.0,6.0,194.0,0.030927835051546393,2,2022-02-01
Kota Cirebon,2022,Maret,230.0,4.0,234.0,0.017094017094017096,3,2022-03-01
Kota Cirebon,2022,April,220.0,7.0,227.0,0.030837004405286344,4,2022-04-01
Kota Cirebon,2022,Mei,199.0,2.0,201.0,0.009950248756218905,5,2022-05-01
Kota Cirebon,2022,Juni,310.0,6.0,316.0,0.0189873417721519,6,2022-06-01
Kota Cirebon,2022,Juli,232.0,7.0,239.0,0.029288702928870293,7,2022-07-01
Kota Cirebon,2022,Agustus,303.0,8.0,311.0,0.02572347266881029,8,2022-08-01
Kota Cirebon,2022,September,295.0,12.0,307.0,0.03908794788273615,9,2022-09-01
Kota Cirebon,2022,Oktober,267.0,7.0,274.0,0.025547445255474453,10,2022-10-01
Kota Cirebon,2022,November,304.0,9.0,313.0,0.02875399361022364,11,2022-11-01
Kota Cirebon,2022,Desember,415.0,7.0,422.0,0.016587677725118485,12,2022-12-01
Kota Depok,2022,Januari,716.0,8.0,724.0,0.011049723756906077,1,2022-01-01
Kota Depok,2022,Februari,439.0,7.0,446.0,0.01569506726457399,2,2022-02-01
Kota Depok,2022,Maret,587.0,8.0,595.0,0.013445378151260505,3,2022-03-01
Kota Depok,2022,April,575.0,9.0,584.0,0.015410958904109588,4,2022-04-01
Kota Depok,2022,Mei,578.0,11.0,589.0,0.01867572156196944,5,2022-05-01
Kota Depok,2022,Juni,636.0,12.0,648.0,0.018518518518518517,6,2022-06-01
Kota Depok,2022,Juli,630.0,6.0,636.0,0.009433962264150943,7,2022-07-01
Kota Depok,2022,Agustus,674.0,10.0,684.0,0.014619883040935672,8,2022-08-01
Kota Depok,2022,September,633.0,13.0,646.0,0.020123839009287926,9,2022-09-01
Kota Depok,2022,Oktober,727.0,12.0,739.0,0.016238159675236806,10,2022-10-01
Kota Depok,2022,November,691.0,13.0,704.0,0.018465909090909092,11,2022-11-01
Kota Depok,2022,Desember,750.0,9.0,759.0,0.011857707509881422,12,2022-12-01
Kota Sukabumi,2022,Januari,258.0,9.0,267.0,0.033707865168539325,1,2022-01-01
Kota Sukabumi,2022,Februari,147.0,1.0,148.0,0.006756756756756757,2,2022-02-01
Kota Sukabumi,2022,Maret,182.0,11.0,193.0,0.05699481865284974,3,2022-03-01
Kota Sukabumi,2022,April,220.0,7.0,227.0,0.030837004405286344,4,2022-04-01
Kota Sukabumi,2022,Mei,252.0,4.0,256.0,0.015625,5,2022-05-01
Kota Sukabumi,2022,Juni,251.0,6.0,257.0,0.023346303501945526,6,2022-06-01
Kota Sukabumi,2022,Juli,239.0,3.0,242.0,0.012396694214876033,7,2022-07-01
Kota Sukabumi,2022,Agustus,244.0,6.0,250.0,0.024,8,2022-08-01
Kota Sukabumi,2022,September,253.0,1.0,254.0,0.003937007874015748,9,2022-09-01
Kota Sukabumi,2022,Oktober,307.0,1.0,308.0,0.003246753246753247,10,2022-10-01
Kota Sukabumi,2022,November,292.0,6.0,298.0,0.020134228187919462,11,2022-11-01
Kota Sukabumi,2022,Desember,271.0,8.0,279.0,0.02867383512544803,12,2022-12-01
Kota Tasikmalaya,2022,Januari,275.0,7.0,282.0,0.024822695035460994,1,2022-01-01
Kota Tasikmalaya,2022,Februari,217.0,8.0,225.0,0.035555555555555556,2,2022-02-01
Kota Tasikmalaya,2022,Maret,220.0,4.0,224.0,0.017857142857142856,3,2022-03-01
Kota Tasikmalaya,2022,April,222.0,6.0,228.0,0.02631578947368421,4,2022-04-01
Kota Tasikmalaya,2022,Mei,240.0,5.0,245.0,0.02040816326530612,5,2022-05-01
Kota Tasikmalaya,2022,Juni,301.0,2.0,303.0,0.006600660066006601,6,2022-06-01
Kota Tasikmalaya,2022,Juli,323.0,6.0,329.0,0.0182370820668693,7,2022-07-01
Kota Tasikmalaya,2022,Agustus,328.0,9.0,337.0,0.026706231454005934,8,2022-08-01
Kota Tasikmalaya,2022,September,361.0,7.0,368.0,0.019021739130434784,9,2022-09-01
Kota Tasikmalaya,2022,Oktober,378.0,7.0,385.0,0.01818181818181818,10,2022-10-01
Kota Tasikmalaya,2022,November,383.0,3.0,386.0,0.007772020725388601,11,2022-11-01
Kota Tasikmalaya,2022,Desember,306.0,4.0,310.0,0.012903225806451613,12,2022-12-01
Kab. Bandung,2023,Januari,1089.0,9.0,1098.0,0.00819672131147541,1,2023-01-01
Kab. Bandung,2023,Februari,1013.0,10.0,1023.0,0.009775171065493646,2,2023-02-01
Kab. Bandung,2023,Maret,1081.0,9.0,1090.0,0.008256880733944955,3,2023-03-01
Kab. Bandung,2023,April,840.0,9.0,849.0,0.01060070671378092,4,2023-04-01
Kab. Bandung,2023,Mei,1147.0,14.0,1161.0,0.012058570198105082,5,2023-05-01
Kab. Bandung,2023,Juni,911.0,12.0,923.0,0.013001083423618635,6,2023-06-01
Kab. Bandung,2023,Juli,996.0,11.0,1007.0,0.010923535253227408,7,2023-07-01
Kab. Bandung,2023,Agustus,1222.0,11.0,1233.0,0.008921330089213302,8,2023-08-01
Kab. Bandung,2023,September,1193.0,17.0,1210.0,0.014049586776859505,9,2023-09-01
Kab. Bandung,2023,Oktober,1218.0,12.0,1230.0,0.00975609756097561,10,2023-10-01
Kab. Bandung,2023,November,987.0,11.0,998.0,0.011022044088176353,11,2023-11-01
Kab. Bandung,2023,Desember,804.0,9.0,813.0,0.01107011070110701,12,2023-12-01
Kab. Bandung Barat,2023,Januari,389.0,2.0,391.0,0.005115089514066497,1,2023-01-01
Kab. Bandung Barat,2023,Februari,310.0,8.0,318.0,0.025157232704402517,2,2023-02-01
Kab. Bandung Barat,2023,Maret,303.0,1.0,304.0,0.003289473684210526,3,2023-03-01
Kab. Bandung Barat,2023,April,284.0,4.0,288.0,0.013888888888888888,4,2023-04-01
Kab. Bandung Barat,2023,Mei,366.0,2.0,368.0,0.005434782608695652,5,2023-05-01
Kab. Bandung Barat,2023,Juni,355.0,5.0,360.0,0.013888888888888888,6,2023-06-01
Kab. Bandung Barat,2023,Juli,378.0,6.0,384.0,0.015625,7,2023-07-01
Kab. Bandung Barat,2023,Agustus,376.0,1.0,377.0,0.002652519893899204,8,2023-08-01
Kab. Bandung Barat,2023,September,313.0,4.0,317.0,0.012618296529968454,9,2023-09-01
Kab. Bandung Barat,2023,Oktober,341.0,2.0,343.0,0.0058309037900874635,10,2023-10-01
Kab. Bandung Barat,2023,November,297.0,5.0,302.0,0.016556291390728478,11,2023-11-01
Kab. Bandung Barat,2023,Desember,361.0,3.0,364.0,0.008241758241758242,12,2023-12-01
Kab. Bekasi,2023,Januari,1220.0,11.0,1231.0,0.008935824532900082,1,2023-01-01
Kab. Bekasi,2023,Februari,982.0,9.0,991.0,0.009081735620585268,2,2023-02-01
Kab. Bekasi,2023,Maret,1127.0,24.0,1151.0,0.020851433536055605,3,2023-03-01
Kab. Bekasi,2023,April,819.0,10.0,829.0,0.012062726176115802,4,2023-04-01
Kab. Bekasi,2023,Mei,1274.0,17.0,1291.0,0.013168086754453912,5,2023-05-01
Kab. Bekasi,2023,Juni,1018.0,10.0,1028.0,0.009727626459143969,6,2023-06-01
Kab. Bekasi,2023,Juli,1109.0,20.0,1129.0,0.01771479185119575,7,2023-07-01
Kab. Bekasi,2023,Agustus,1283.0,16.0,1299.0,0.012317167051578136,8,2023-08-01
Kab. Bekasi,2023,September,1196.0,17.0,1213.0,0.014014839241549877,9,2023-09-01
Kab. Bekasi,2023,Oktober,1209.0,19.0,1228.0,0.015472312703583062,10,2023-10-01
Kab. Bekasi,2023,November,1028.0,15.0,1043.0,0.014381591562799617,11,2023-11-01
Kab. Bekasi,2023,Desember,946.0,17.0,963.0,0.017653167185877467,12,2023-12-01
Kab. Bogor,2023,Januari,2549.0,47.0,2596.0,0.01810477657935285,1,2023-01-01
Kab. Bogor,2023,Februari,2082.0,43.0,2125.0,0.02023529411764706,2,2023-02-01
Kab. Bogor,2023,Maret,2083.0,42.0,2125.0,0.01976470588235294,3,2023-03-01
Kab. Bogor,2023,April,1536.0,36.0,1572.0,0.022900763358778626,4,2023-04-01
Kab. Bogor,2023,Mei,2548.0,44.0,2592.0,0.016975308641975308,5,2023-05-01
Kab. Bogor,2023,Juni,2109.0,43.0,2152.0,0.019981412639405203,6,2023-06-01
Kab. Bogor,2023,Juli,2332.0,45.0,2377.0,0.018931426167437947,7,2023-07-01
Kab. Bogor,2023,Agustus,2449.0,52.0,2501.0,0.020791683326669332,8,2023-08-01
Kab. Bogor,2023,September,2385.0,58.0,2443.0,0.02374130167826443,9,2023-09-01
Kab. Bogor,2023,Oktober,2592.0,71.0,2663.0,0.026661659782200527,10,2023-10-01
Kab. Bogor,2023,November,2363.0,53.0,2416.0,0.021937086092715233,11,2023-11-01
Kab. Bogor,2023,Desember,1964.0,45.0,2009.0,0.022399203583872575,12,2023-12-01
Kab. Ciamis,2023,Januari,230.0,1.0,231.0,0.004329004329004329,1,2023-01-01
Kab. Ciamis,2023,Februari,205.0,4.0,209.0,0.019138755980861243,2,2023-02-01
Kab. Ciamis,2023,Maret,228.0,2.0,230.0,0.008695652173913044,3,2023-03-01
Kab. Ciamis,2023,April,195.0,4.0,199.0,0.020100502512562814,4,2023-04-01
Kab. Ciamis,2023,Mei,251.0,3.0,254.0,0.011811023622047244,5,2023-05-01
Kab. Ciamis,2023,Juni,216.0,1.0,217.0,0.004608294930875576,6,2023-06-01
Kab. Ciamis,2023,Juli,251.0,4.0,255.0,0.01568627450980392,7,2023-07-01
Kab. Ciamis,2023,Agustus,326.0,3.0,329.0,0.00911854103343465,8,2023-08-01
Kab. Ciamis,2023,September,301.0,2.0,303.0,0.006600660066006601,9,2023-09-01
Kab. Ciamis,2023,Oktober,305.0,2.0,307.0,0.006514657980456026,10,2023-10-01
Kab. Ciamis,2023,November,247.0,1.0,248.0,0.004032258064516129,11,2023-11-01
Kab. Ciamis,2023,Desember,241.0,5.0,246.0,0.02032520325203252,12,2023-12-01
Kab. Cianjur,2023,Januari,758.0,12.0,770.0,0.015584415584415584,1,2023-01-01
Kab. Cianjur,2023,Februari,717.0,17.0,734.0,0.02316076294277929,2,2023-02-01
Kab. Cianjur,2023,Maret,696.0,15.0,711.0,0.02109704641350211,3,2023-03-01
Kab. Cianjur,2023,April,540.0,11.0,551.0,0.019963702359346643,4,2023-04-01
Kab. Cianjur,2023,Mei,839.0,16.0,855.0,0.01871345029239766,5,2023-05-01
Kab. Cianjur,2023,Juni,657.0,12.0,669.0,0.017937219730941704,6,2023-06-01
Kab. Cianjur,2023,Juli,725.0,16.0,741.0,0.021592442645074223,7,2023-07-01
Kab. Cianjur,2023,Agustus,754.0,12.0,766.0,0.015665796344647518,8,2023-08-01
Kab. Cianjur,2023,September,890.0,13.0,903.0,0.014396456256921373,9,2023-09-01
Kab. Cianjur,2023,Oktober,917.0,11.0,928.0,0.011853448275862068,10,2023-10-01
Kab. Cianjur,2023,November,878.0,20.0,898.0,0.022271714922048998,11,2023-11-01
Kab. Cianjur,2023,Desember,732.0,12.0,744.0,0.016129032258064516,12,2023-12-01
Kab. Cirebon,2023,Januari,852.0,16.0,868.0,0.018433179723502304,1,2023-01-01
Kab. Cirebon,2023,Februari,662.0,15.0,677.0,0.022156573116691284,2,2023-02-01
Kab. Cirebon,2023,Maret,738.0,15.0,753.0,0.0199203187250996,3,2023-03-01
Kab. Cirebon,2023,April,514.0,10.0,524.0,0.019083969465648856,4,2023-04-01
Kab. Cirebon,2023,Mei,745.0,23.0,768.0,0.029947916666666668,5,2023-05-01
Kab. Cirebon,2023,Juni,564.0,8.0,572.0,0.013986013986013986,6,2023-06-01
Kab. Cirebon,2023,Juli,637.0,16.0,653.0,0.02450229709035222,7,2023-07-01
Kab. Cirebon,2023,Agustus,791.0,13.0,804.0,0.01616915422885572,8,2023-08-01
Kab. Cirebon,2023,September,703.0,15.0,718.0,0.020891364902506964,9,2023-09-01
Kab. Cirebon,2023,Oktober,740.0,15.0,755.0,0.019867549668874173,10,2023-10-01
Kab. Cirebon,2023,November,635.0,9.0,644.0,0.013975155279503106,11,2023-11-01
Kab. Cirebon,2023,Desember,446.0,8.0,454.0,0.01762114537444934,12,2023-12-01
Kab. Garut,2023,Januari,689.0,7.0,696.0,0.010057471264367816,1,2023-01-01
Kab. Garut,2023,Februari,671.0,3.0,674.0,0.004451038575667656,2,2023-02-01
Kab. Garut,2023,Maret,719.0,12.0,731.0,0.016415868673050615,3,2023-03-01
Kab. Garut,2023,April,550.0,3.0,553.0,0.0054249547920434,4,2023-04-01
Kab. Garut,2023,Mei,736.0,6.0,742.0,0.008086253369272238,5,2023-05-01
Kab. Garut,2023,Juni,642.0,8.0,650.0,0.012307692307692308,6,2023-06-01
Kab. Garut,2023,Juli,688.0,6.0,694.0,0.008645533141210375,7,2023-07-01
Kab. Garut,2023,Agustus,800.0,4.0,804.0,0.004975124378109453,8,2023-08-01
Kab. Garut,2023,September,842.0,6.0,848.0,0.007075471698113208,9,2023-09-01
Kab. Garut,2023,Oktober,830.0,8.0,838.0,0.00954653937947494,10,2023-10-01
Kab. Garut,2023,November,677.0,10.0,687.0,0.01455604075691412,11,2023-11-01
Kab. Garut,2023,Desember,670.0,4.0,674.0,0.005934718100890208,12,2023-12-01
Kab. Indramayu,2023,Januari,448.0,6.0,454.0,0.013215859030837005,1,2023-01-01
Kab. Indramayu,2023,Februari,393.0,4.0,397.0,0.010075566750629723,2,2023-02-01
Kab. Indramayu,2023,Maret,503.0,8.0,511.0,0.015655577299412915,3,2023-03-01
Kab. Indramayu,2023,April,310.0,8.0,318.0,0.025157232704402517,4,2023-04-01
Kab. Indramayu,2023,Mei,437.0,10.0,447.0,0.02237136465324385,5,2023-05-01
Kab. Indramayu,2023,Juni,389.0,12.0,401.0,0.029925187032418952,6,2023-06-01
Kab. Indramayu,2023,Juli,467.0,8.0,475.0,0.016842105263157894,7,2023-07-01
Kab. Indramayu,2023,Agustus,486.0,6.0,492.0,0.012195121951219513,8,2023-08-01
Kab. Indramayu,2023,September,458.0,8.0,466.0,0.017167381974248927,9,2023-09-01
Kab. Indramayu,2023,Oktober,410.0,5.0,415.0,0.012048192771084338,10,2023-10-01
Kab. Indramayu,2023,November,364.0,3.0,367.0,0.008174386920980926,11,2023-11-01
Kab. Indramayu,2023,Desember,351.0,10.0,361.0,0.027700831024930747,12,2023-12-01
Kab. Karawang,2023,Januari,1240.0,17.0,1257.0,0.013524264120922832,1,2023-01-01
Kab. Karawang,2023,Februari,945.0,13.0,958.0,0.013569937369519834,2,2023-02-01
Kab. Karawang,2023,Maret,1088.0,22.0,1110.0,0.01981981981981982,3,2023-03-01
Kab. Karawang,2023,April,757.0,14.0,771.0,0.018158236057068743,4,2023-04-01
Kab. Karawang,2023,Mei,1319.0,18.0,1337.0,0.013462976813762155,5,2023-05-01
Kab. Karawang,2023,Juni,1103.0,18.0,1121.0,0.016057091882247992,6,2023-06-01
Kab. Karawang,2023,Juli,1085.0,30.0,1115.0,0.026905829596412557,7,2023-07-01
Kab. Karawang,2023,Agustus,1118.0,17.0,1135.0,0.014977973568281937,8,2023-08-01
Kab. Karawang,2023,September,990.0,21.0,1011.0,0.020771513353115726,9,2023-09-01
Kab. Karawang,2023,Oktober,1068.0,12.0,1080.0,0.011111111111111112,10,2023-10-01
Kab. Karawang,2023,November,1072.0,21.0,1093.0,0.0192131747483989,11,2023-11-01
Kab. Karawang,2023,Desember,833.0,14.0,847.0,0.01652892561983471,12,2023-12-01
Kab. Kuningan,2023,Januari,367.0,3.0,370.0,0.008108108108108109,1,2023-01-01
Kab. Kuningan,2023,Februari,323.0,5.0,328.0,0.01524390243902439,2,2023-02-01
Kab. Kuningan,2023,Maret,326.0,6.0,332.0,0.018072289156626505,3,2023-03-01
Kab. Kuningan,2023,April,249.0,1.0,250.0,0.004,4,2023-04-01
Kab. Kuningan,2023,Mei,343.0,3.0,346.0,0.008670520231213872,5,2023-05-01
Kab. Kuningan,2023,Juni,275.0,5.0,280.0,0.017857142857142856,6,2023-06-01
Kab. Kuningan,2023,Juli,292.0,6.0,298.0,0.020134228187919462,7,2023-07-01
Kab. Kuningan,2023,Agustus,308.0,2.0,310.0,0.0064516129032258064,8,2023-08-01
Kab. Kuningan,2023,September,346.0,6.0,352.0,0.017045454545454544,9,2023-09-01
Kab. Kuningan,2023,Oktober,319.0,3.0,322.0,0.009316770186335404,10,2023-10-01
Kab. Kuningan,2023,November,262.0,2.0,264.0,0.007575757575757576,11,2023-11-01
Kab. Kuningan,2023,Desember,241.0,3.0,244.0,0.012295081967213115,12,2023-12-01
Kab. Majalengka,2023,Januari,387.0,1.0,388.0,0.002577319587628866,1,2023-01-01
Kab. Majalengka,2023,Februari,291.0,5.0,296.0,0.016891891891891893,2,2023-02-01
Kab. Majalengka,2023,Maret,340.0,4.0,344.0,0.011627906976744186,3,2023-03-01
Kab. Majalengka,2023,April,265.0,3.0,268.0,0.011194029850746268,4,2023-04-01
Kab. Majalengka,2023,Mei,339.0,3.0,342.0,0.008771929824561403,5,2023-05-01
Kab. Majalengka,2023,Juni,324.0,0.0,324.0,0.0,6,2023-06-01
Kab. Majalengka,2023,Juli,329.0,2.0,331.0,0.006042296072507553,7,2023-07-01
Kab. Majalengka,2023,Agustus,452.0,4.0,456.0,0.008771929824561403,8,2023-08-01
Kab. Majalengka,2023,September,403.0,4.0,407.0,0.009828009828009828,9,2023-09-01
Kab. Majalengka,2023,Oktober,421.0,4.0,425.0,0.009411764705882352,10,2023-10-01
Kab. Majalengka,2023,November,394.0,4.0,398.0,0.010050251256281407,11,2023-11-01
Kab. Majalengka,2023,Desember,313.0,5.0,318.0,0.015723270440251572,12,2023-12-01
Kab. Pangandaran,2023,Januari,102.0,0.0,102.0,0.0,1,2023-01-01
Kab. Pangandaran,2023,Februari,86.0,0.0,86.0,0.0,2,2023-02-01
Kab. Pangandaran,2023,Maret,79.0,0.0,79.0,0.0,3,2023-03-01
Kab. Pangandaran,2023,April,69.0,0.0,69.0,0.0,4,2023-04-01
Kab. Pangandaran,2023,Mei,103.0,0.0,103.0,0.0,5,2023-05-01
Kab. Pangandaran,2023,Juni,54.0,0.0,54.0,0.0,6,2023-06-01
Kab. Pangandaran,2023,Juli,67.0,2.0,69.0,0.028985507246376812,7,2023-07-01
Kab. Pangandaran,2023,Agustus,80.0,4.0,84.0,0.047619047619047616,8,2023-08-01
Kab. Pangandaran,2023,September,93.0,0.0,93.0,0.0,9,2023-09-01
Kab. Pangandaran,2023,Oktober,65.0,1.0,66.0,0.015151515151515152,10,2023-10-01
Kab. Pangandaran,2023,November,63.0,3.0,66.0,0.045454545454545456,11,2023-11-01
Kab. Pangandaran,2023,Desember,75.0,0.0,75.0,0.0,12,2023-12-01
Kab. Purwakarta,2023,Januari,672.0,5.0,677.0,0.007385524372230428,1,2023-01-01
Kab. Purwakarta,2023,Februari,509.0,1.0,510.0,0.00196078431372549,2,2023-02-01
Kab. Purwakarta,2023,Maret,518.0,1.0,519.0,0.0019267822736030828,3,2023-03-01
Kab. Purwakarta,2023,April,348.0,2.0,350.0,0.005714285714285714,4,2023-04-01
Kab. Purwakarta,2023,Mei,513.0,4.0,517.0,0.007736943907156673,5,2023-05-01
Kab. Purwakarta,2023,Juni,413.0,4.0,417.0,0.009592326139088728,6,2023-06-01
Kab. Purwakarta,2023,Juli,453.0,4.0,457.0,0.0087527352297593,7,2023-07-01
Kab. Purwakarta,2023,Agustus,518.0,3.0,521.0,0.005758157389635317,8,2023-08-01
Kab. Purwakarta,2023,September,417.0,3.0,420.0,0.007142857142857143,9,2023-09-01
Kab. Purwakarta,2023,Oktober,459.0,8.0,467.0,0.017130620985010708,10,2023-10-01
Kab. Purwakarta,2023,November,384.0,7.0,391.0,0.017902813299232736,11,2023-11-01
Kab. Purwakarta,2023,Desember,336.0,3.0,339.0,0.008849557522123894,12,2023-12-01
Kab. Subang,2023,Januari,508.0,6.0,514.0,0.011673151750972763,1,2023-01-01
Kab. Subang,2023,Februari,408.0,3.0,411.0,0.0072992700729927005,2,2023-02-01
Kab. Subang,2023,Maret,442.0,3.0,445.0,0.006741573033707865,3,2023-03-01
Kab. Subang,2023,April,316.0,2.0,318.0,0.006289308176100629,4,2023-04-01
Kab. Subang,2023,Mei,502.0,8.0,510.0,0.01568627450980392,5,2023-05-01
Kab. Subang,2023,Juni,437.0,2.0,439.0,0.004555808656036446,6,2023-06-01
Kab. Subang,2023,Juli,557.0,2.0,559.0,0.0035778175313059034,7,2023-07-01
Kab. Subang,2023,Agustus,455.0,4.0,459.0,0.008714596949891068,8,2023-08-01
Kab. Subang,2023,September,539.0,6.0,545.0,0.011009174311926606,9,2023-09-01
Kab. Subang,2023,Oktober,507.0,1.0,508.0,0.001968503937007874,10,2023-10-01
Kab. Subang,2023,November,505.0,5.0,510.0,0.00980392156862745,11,2023-11-01
Kab. Subang,2023,Desember,381.0,7.0,388.0,0.01804123711340206,12,2023-12-01
Kab. Sukabumi,2023,Januari,986.0,15.0,1001.0,0.014985014985014986,1,2023-01-01
Kab. Sukabumi,2023,Februari,930.0,4.0,934.0,0.004282655246252677,2,2023-02-01
Kab. Sukabumi,2023,Maret,824.0,16.0,840.0,0.01904761904761905,3,2023-03-01
Kab. Sukabumi,2023,April,601.0,7.0,608.0,0.011513157894736841,4,2023-04-01
Kab. Sukabumi,2023,Mei,929.0,12.0,941.0,0.012752391073326248,5,2023-05-01
Kab. Sukabumi,2023,Juni,759.0,17.0,776.0,0.02190721649484536,6,2023-06-01
Kab. Sukabumi,2023,Juli,923.0,12.0,935.0,0.012834224598930482,7,2023-07-01
Kab. Sukabumi,2023,Agustus,1070.0,21.0,1091.0,0.01924839596700275,8,2023-08-01
Kab. Sukabumi,2023,September,1023.0,16.0,1039.0,0.015399422521655439,9,2023-09-01
Kab. Sukabumi,2023,Oktober,969.0,10.0,979.0,0.010214504596527068,10,2023-10-01
Kab. Sukabumi,2023,November,921.0,18.0,939.0,0.019169329073482427,11,2023-11-01
Kab. Sukabumi,2023,Desember,825.0,10.0,835.0,0.011976047904191617,12,2023-12-01
Kab. Sumedang,2023,Januari,322.0,0.0,322.0,0.0,1,2023-01-01
Kab. Sumedang,2023,Februari,240.0,2.0,242.0,0.008264462809917356,2,2023-02-01
Kab. Sumedang,2023,Maret,234.0,1.0,235.0,0.00425531914893617,3,2023-03-01
Kab. Sumedang,2023,April,189.0,3.0,192.0,0.015625,4,2023-04-01
Kab. Sumedang,2023,Mei,296.0,5.0,301.0,0.016611295681063124,5,2023-05-01
Kab. Sumedang,2023,Juni,232.0,2.0,234.0,0.008547008547008548,6,2023-06-01
Kab. Sumedang,2023,Juli,236.0,4.0,240.0,0.016666666666666666,7,2023-07-01
Kab. Sumedang,2023,Agustus,277.0,2.0,279.0,0.007168458781362007,8,2023-08-01
Kab. Sumedang,2023,September,260.0,5.0,265.0,0.018867924528301886,9,2023-09-01
Kab. Sumedang,2023,Oktober,243.0,3.0,246.0,0.012195121951219513,10,2023-10-01
Kab. Sumedang,2023,November,238.0,3.0,241.0,0.012448132780082987,11,2023-11-01
Kab. Sumedang,2023,Desember,194.0,3.0,197.0,0.015228426395939087,12,2023-12-01
Kab. Tasikmalaya,2023,Januari,306.0,5.0,311.0,0.01607717041800643,1,2023-01-01
Kab. Tasikmalaya,2023,Februari,279.0,2.0,281.0,0.0071174377224199285,2,2023-02-01
Kab. Tasikmalaya,2023,Maret,255.0,3.0,258.0,0.011627906976744186,3,2023-03-01
Kab. Tasikmalaya,2023,April,238.0,7.0,245.0,0.02857142857142857,4,2023-04-01
Kab. Tasikmalaya,2023,Mei,353.0,5.0,358.0,0.013966480446927373,5,2023-05-01
Kab. Tasikmalaya,2023,Juni,233.0,9.0,242.0,0.0371900826446281,6,2023-06-01
Kab. Tasikmalaya,2023,Juli,257.0,5.0,262.0,0.019083969465648856,7,2023-07-01
Kab. Tasikmalaya,2023,Agustus,275.0,10.0,285.0,0.03508771929824561,8,2023-08-01
Kab. Tasikmalaya,2023,September,310.0,6.0,316.0,0.0189873417721519,9,2023-09-01
Kab. Tasikmalaya,2023,Oktober,345.0,5.0,350.0,0.014285714285714285,10,2023-10-01
Kab. Tasikmalaya,2023,November,314.0,5.0,319.0,0.01567398119122257,11,2023-11-01
Kab. Tasikmalaya,2023,Desember,269.0,2.0,271.0,0.007380073800738007,12,2023-12-01
Kota Bandung,2023,Januari,1646.0,25.0,1671.0,0.014961101137043686,1,2023-01-01
Kota Bandung,2023,Februari,1305.0,23.0,1328.0,0.017319277108433735,2,2023-02-01
Kota Bandung,2023,Maret,1487.0,15.0,1502.0,0.009986684420772303,3,2023-03-01
Kota Bandung,2023,April,1107.0,16.0,1123.0,0.014247551202137132,4,2023-04-01
Kota Bandung,2023,Mei,1610.0,18.0,1628.0,0.011056511056511056,5,2023-05-01
Kota Bandung,2023,Juni,1312.0,20.0,1332.0,0.015015015015015015,6,2023-06-01
Kota Bandung,2023,Juli,1493.0,15.0,1508.0,0.009946949602122016,7,2023-07-01
Kota Bandung,2023,Agustus,1527.0,22.0,1549.0,0.014202711426726921,8,2023-08-01
Kota Bandung,2023,September,1521.0,14.0,1535.0,0.009120521172638436,9,2023-09-01
Kota Bandung,2023,Oktober,1741.0,12.0,1753.0,0.0068454078722190535,10,2023-10-01
Kota Bandung,2023,November,1712.0,24.0,1736.0,0.013824884792626729,11,2023-11-01
Kota Bandung,2023,Desember,1392.0,12.0,1404.0,0.008547008547008548,12,2023-12-01
Kota Banjar,2023,Januari,109.0,0.0,109.0,0.0,1,2023-01-01
Kota Banjar,2023,Februari,69.0,0.0,69.0,0.0,2,2023-02-01
Kota Banjar,2023,Maret,61.0,0.0,61.0,0.0,3,2023-03-01
Kota Banjar,2023,April,57.0,1.0,58.0,0.017241379310344827,4,2023-04-01
Kota Banjar,2023,Mei,76.0,2.0,78.0,0.02564102564102564,5,2023-05-01
Kota Banjar,2023,Juni,74.0,3.0,77.0,0.03896103896103896,6,2023-06-01
Kota Banjar,2023,Juli,109.0,3.0,112.0,0.026785714285714284,7,2023-07-01
Kota Banjar,2023,Agustus,128.0,4.0,132.0,0.030303030303030304,8,2023-08-01
Kota Banjar,2023,September,122.0,1.0,123.0,0.008130081300813009,9,2023-09-01
Kota Banjar,2023,Oktober,148.0,10.0,158.0,0.06329113924050633,10,2023-10-01
Kota Banjar,2023,November,94.0,2.0,96.0,0.020833333333333332,11,2023-11-01
Kota Banjar,2023,Desember,94.0,2.0,96.0,0.020833333333333332,12,2023-12-01
Kota Bekasi,2023,Januari,1409.0,14.0,1423.0,0.009838369641602248,1,2023-01-01
Kota Bekasi,2023,Februari,1086.0,24.0,1110.0,0.021621621621621623,2,2023-02-01
Kota Bekasi,2023,Maret,1183.0,21.0,1204.0,0.01744186046511628,3,2023-03-01
Kota Bekasi,2023,April,910.0,17.0,927.0,0.018338727076591153,4,2023-04-01
Kota Bekasi,2023,Mei,1308.0,25.0,1333.0,0.018754688672168042,5,2023-05-01
Kota Bekasi,2023,Juni,1120.0,12.0,1132.0,0.01060070671378092,6,2023-06-01
Kota Bekasi,2023,Juli,1355.0,22.0,1377.0,0.01597676107480029,7,2023-07-01
Kota Bekasi,2023,Agustus,1301.0,31.0,1332.0,0.023273273273273273,8,2023-08-01
Kota Bekasi,2023,September,1190.0,13.0,1203.0,0.010806317539484621,9,2023-09-01
Kota Bekasi,2023,Oktober,1126.0,7.0,1133.0,0.00617828773168579,10,2023-10-01
Kota Bekasi,2023,November,1025.0,14.0,1039.0,0.013474494706448507,11,2023-11-01
Kota Bekasi,2023,Desember,903.0,16.0,919.0,0.017410228509249184,12,2023-12-01
Kota Bogor,2023,Januari,829.0,12.0,841.0,0.014268727705112961,1,2023-01-01
Kota Bogor,2023,Februari,771.0,17.0,788.0,0.021573604060913704,2,2023-02-01
Kota Bogor,2023,Maret,774.0,16.0,790.0,0.020253164556962026,3,2023-03-01
Kota Bogor,2023,April,651.0,12.0,663.0,0.01809954751131222,4,2023-04-01
Kota Bogor,2023,Mei,925.0,27.0,952.0,0.028361344537815126,5,2023-05-01
Kota Bogor,2023,Juni,787.0,13.0,800.0,0.01625,6,2023-06-01
Kota Bogor,2023,Juli,859.0,23.0,882.0,0.026077097505668934,7,2023-07-01
Kota Bogor,2023,Agustus,960.0,11.0,971.0,0.01132852729145211,8,2023-08-01
Kota Bogor,2023,September,914.0,19.0,933.0,0.020364415862808145,9,2023-09-01
Kota Bogor,2023,Oktober,972.0,16.0,988.0,0.016194331983805668,10,2023-10-01
Kota Bogor,2023,November,922.0,22.0,944.0,0.023305084745762712,11,2023-11-01
Kota Bogor,2023,Desember,750.0,17.0,767.0,0.02216427640156454,12,2023-12-01
Kota Cimahi,2023,Januari,484.0,4.0,488.0,0.00819672131147541,1,2023-01-01
Kota Cimahi,2023,Februari,383.0,4.0,387.0,0.0103359173126615,2,2023-02-01
Kota Cimahi,2023,Maret,405.0,2.0,407.0,0.004914004914004914,3,2023-03-01
Kota Cimahi,2023,April,317.0,1.0,318.0,0.0031446540880503146,4,2023-04-01
Kota Cimahi,2023,Mei,424.0,5.0,429.0,0.011655011655011656,5,2023-05-01
Kota Cimahi,2023,Juni,387.0,8.0,395.0,0.020253164556962026,6,2023-06-01
Kota Cimahi,2023,Juli,357.0,6.0,363.0,0.01652892561983471,7,2023-07-01
Kota Cimahi,2023,Agustus,374.0,7.0,381.0,0.01837270341207349,8,2023-08-01
Kota Cimahi,2023,September,371.0,2.0,373.0,0.005361930294906166,9,2023-09-01
Kota Cimahi,2023,Oktober,381.0,6.0,387.0,0.015503875968992248,10,2023-10-01
Kota Cimahi,2023,November,342.0,5.0,347.0,0.01440922190201729,11,2023-11-01
Kota Cimahi,2023,Desember,290.0,7.0,297.0,0.02356902356902357,12,2023-12-01
Kota Cirebon,2023,Januari,343.0,9.0,352.0,0.02556818181818182,1,2023-01-01
Kota Cirebon,2023,Februari,336.0,6.0,342.0,0.017543859649122806,2,2023-02-01
Kota Cirebon,2023,Maret,311.0,7.0,318.0,0.0220125786163522,3,2023-03-01
Kota Cirebon,2023,April,220.0,4.0,224.0,0.017857142857142856,4,2023-04-01
Kota Cirebon,2023,Mei,367.0,4.0,371.0,0.01078167115902965,5,2023-05-01
Kota Cirebon,2023,Juni,289.0,5.0,294.0,0.017006802721088437,6,2023-06-01
Kota Cirebon,2023,Juli,366.0,11.0,377.0,0.029177718832891247,7,2023-07-01
Kota Cirebon,2023,Agustus,376.0,8.0,384.0,0.020833333333333332,8,2023-08-01
Kota Cirebon,2023,September,373.0,4.0,377.0,0.010610079575596816,9,2023-09-01
Kota Cirebon,2023,Oktober,371.0,6.0,377.0,0.015915119363395226,10,2023-10-01
Kota Cirebon,2023,November,349.0,11.0,360.0,0.030555555555555555,11,2023-11-01
Kota Cirebon,2023,Desember,299.0,9.0,308.0,0.02922077922077922,12,2023-12-01
Kota Depok,2023,Januari,766.0,11.0,777.0,0.014157014157014158,1,2023-01-01
Kota Depok,2023,Februari,629.0,10.0,639.0,0.01564945226917058,2,2023-02-01
Kota Depok,2023,Maret,684.0,12.0,696.0,0.017241379310344827,3,2023-03-01
Kota Depok,2023,April,518.0,6.0,524.0,0.011450381679389313,4,2023-04-01
Kota Depok,2023,Mei,683.0,14.0,697.0,0.020086083213773313,5,2023-05-01
Kota Depok,2023,Juni,619.0,10.0,629.0,0.01589825119236884,6,2023-06-01
Kota Depok,2023,Juli,590.0,12.0,602.0,0.019933554817275746,7,2023-07-01
Kota Depok,2023,Agustus,665.0,14.0,679.0,0.020618556701030927,8,2023-08-01
Kota Depok,2023,September,620.0,8.0,628.0,0.012738853503184714,9,2023-09-01
Kota Depok,2023,Oktober,761.0,9.0,770.0,0.011688311688311689,10,2023-10-01
Kota Depok,2023,November,577.0,20.0,597.0,0.03350083752093802,11,2023-11-01
Kota Depok,2023,Desember,532.0,10.0,542.0,0.01845018450184502,12,2023-12-01
Kota Sukabumi,2023,Januari,288.0,2.0,290.0,0.006896551724137931,1,2023-01-01
Kota Sukabumi,2023,Februari,224.0,8.0,232.0,0.034482758620689655,2,2023-02-01
Kota Sukabumi,2023,Maret,299.0,8.0,307.0,0.026058631921824105,3,2023-03-01
Kota Sukabumi,2023,April,205.0,2.0,207.0,0.00966183574879227,4,2023-04-01
Kota Sukabumi,2023,Mei,315.0,6.0,321.0,0.018691588785046728,5,2023-05-01
Kota Sukabumi,2023,Juni,222.0,3.0,225.0,0.013333333333333334,6,2023-06-01
Kota Sukabumi,2023,Juli,336.0,2.0,338.0,0.005917159763313609,7,2023-07-01
Kota Sukabumi,2023,Agustus,312.0,2.0,314.0,0.006369426751592357,8,2023-08-01
Kota Sukabumi,2023,September,308.0,4.0,312.0,0.01282051282051282,9,2023-09-01
Kota Sukabumi,2023,Oktober,318.0,5.0,323.0,0.015479876160990712,10,2023-10-01
Kota Sukabumi,2023,November,299.0,4.0,303.0,0.013201320132013201,11,2023-11-01
Kota Sukabumi,2023,Desember,251.0,5.0,256.0,0.01953125,12,2023-12-01
Kota Tasikmalaya,2023,Januari,400.0,9.0,409.0,0.022004889975550123,1,2023-01-01
Kota Tasikmalaya,2023,Februari,379.0,5.0,384.0,0.013020833333333334,2,2023-02-01
Kota Tasikmalaya,2023,Maret,397.0,2.0,399.0,0.005012531328320802,3,2023-03-01
Kota Tasikmalaya,2023,April,266.0,2.0,268.0,0.007462686567164179,4,2023-04-01
Kota Tasikmalaya,2023,Mei,419.0,8.0,427.0,0.01873536299765808,5,2023-05-01
Kota Tasikmalaya,2023,Juni,374.0,3.0,377.0,0.007957559681697613,6,2023-06-01
Kota Tasikmalaya,2023,Juli,382.0,5.0,387.0,0.012919896640826873,7,2023-07-01
Kota Tasikmalaya,2023,Agustus,399.0,9.0,408.0,0.022058823529411766,8,2023-08-01
Kota Tasikmalaya,2023,September,409.0,3.0,412.0,0.007281553398058253,9,2023-09-01
Kota Tasikmalaya,2023,Oktober,430.0,9.0,439.0,0.02050113895216401,10,2023-10-01
Kota Tasikmalaya,2023,November,426.0,7.0,433.0,0.016166281755196306,11,2023-11-01
Kota Tasikmalaya,2023,Desember,387.0,9.0,396.0,0.022727272727272728,12,2023-12-01
Kab. Bandung,2024,Januari,1159.0,9.0,1168.0,0.007705479452054794,1,2024-01-01
Kab. Bandung,2024,Februari,1036.0,10.0,1046.0,0.009560229445506692,2,2024-02-01
Kab. Bandung,2024,Maret,1105.0,8.0,1113.0,0.0071877807726864335,3,2024-03-01
Kab. Bandung,2024,April,1106.0,11.0,1117.0,0.009847806624888093,4,2024-04-01
Kab. Bandung,2024,Mei,1291.0,10.0,1301.0,0.007686395080707148,5,2024-05-01
Kab. Bandung,2024,Juni,1091.0,2.0,1093.0,0.0018298261665141812,6,2024-06-01
Kab. Bandung,2024,Juli,1302.0,13.0,1315.0,0.00988593155893536,7,2024-07-01
Kab. Bandung,2024,Agustus,1153.0,13.0,1166.0,0.011149228130360206,8,2024-08-01
Kab. Bandung,2024,September,1212.0,11.0,1223.0,0.008994276369582993,9,2024-09-01
Kab. Bandung,2024,Oktober,1458.0,15.0,1473.0,0.010183299389002037,10,2024-10-01
Kab. Bandung,2024,November,1221.0,7.0,1228.0,0.005700325732899023,11,2024-11-01
Kab. Bandung,2024,Desember,1140.0,13.0,1153.0,0.011274934952298352,12,2024-12-01
Kab. Bandung Barat,2024,Januari,430.0,3.0,433.0,0.006928406466512702,1,2024-01-01
Kab. Bandung Barat,2024,Februari,388.0,5.0,393.0,0.01272264631043257,2,2024-02-01
Kab. Bandung Barat,2024,Maret,568.0,0.0,568.0,0.0,3,2024-03-01
Kab. Bandung Barat,2024,April,352.0,4.0,356.0,0.011235955056179775,4,2024-04-01
Kab. Bandung Barat,2024,Mei,377.0,3.0,380.0,0.007894736842105263,5,2024-05-01
Kab. Bandung Barat,2024,Juni,342.0,2.0,344.0,0.005813953488372093,6,2024-06-01
Kab. Bandung Barat,2024,Juli,359.0,2.0,361.0,0.00554016620498615,7,2024-07-01
Kab. Bandung Barat,2024,Agustus,358.0,2.0,360.0,0.005555555555555556,8,2024-08-01
Kab. Bandung Barat,2024,September,354.0,0.0,354.0,0.0,9,2024-09-01
Kab. Bandung Barat,2024,Oktober,403.0,2.0,405.0,0.0049382716049382715,10,2024-10-01
Kab. Bandung Barat,2024,November,377.0,3.0,380.0,0.007894736842105263,11,2024-11-01
Kab. Bandung Barat,2024,Desember,340.0,4.0,344.0,0.011627906976744186,12,2024-12-01
Kab. Bekasi,2024,Januari,1321.0,5.0,1326.0,0.003770739064856712,1,2024-01-01
Kab. Bekasi,2024,Februari,1202.0,19.0,1221.0,0.015561015561015561,2,2024-02-01
Kab. Bekasi,2024,Maret,1279.0,12.0,1291.0,0.009295120061967466,3,2024-03-01
Kab. Bekasi,2024,April,1210.0,10.0,1220.0,0.00819672131147541,4,2024-04-01
Kab. Bekasi,2024,Mei,1384.0,19.0,1403.0,0.0135424091233072,5,2024-05-01
Kab. Bekasi,2024,Juni,1181.0,18.0,1199.0,0.015012510425354461,6,2024-06-01
Kab. Bekasi,2024,Juli,1332.0,18.0,1350.0,0.013333333333333334,7,2024-07-01
Kab. Bekasi,2024,Agustus,1246.0,14.0,1260.0,0.011111111111111112,8,2024-08-01
Kab. Bekasi,2024,September,1290.0,14.0,1304.0,0.010736196319018405,9,2024-09-01
Kab. Bekasi,2024,Oktober,1445.0,15.0,1460.0,0.010273972602739725,10,2024-10-01
Kab. Bekasi,2024,November,1362.0,17.0,1379.0,0.012327773749093546,11,2024-11-01
Kab. Bekasi,2024,Desember,1268.0,17.0,1285.0,0.013229571984435798,12,2024-12-01
Kab. Bogor,2024,Januari,2507.0,53.0,2560.0,0.020703125,1,2024-01-01
Kab. Bogor,2024,Februari,2175.0,51.0,2226.0,0.022911051212938006,2,2024-02-01
Kab. Bogor,2024,Maret,2249.0,54.0,2303.0,0.02344767694311767,3,2024-03-01
Kab. Bogor,2024,April,2296.0,62.0,2358.0,0.026293469041560644,4,2024-04-01
Kab. Bogor,2024,Mei,2772.0,67.0,2839.0,0.023599859105318775,5,2024-05-01
Kab. Bogor,2024,Juni,2294.0,42.0,2336.0,0.01797945205479452,6,2024-06-01
Kab. Bogor,2024,Juli,2674.0,59.0,2733.0,0.021587998536406878,7,2024-07-01
Kab. Bogor,2024,Agustus,2485.0,50.0,2535.0,0.01972386587771203,8,2024-08-01
Kab. Bogor,2024,September,2424.0,57.0,2481.0,0.022974607013301087,9,2024-09-01
Kab. Bogor,2024,Oktober,2665.0,68.0,2733.0,0.024881083058909622,10,2024-10-01
Kab. Bogor,2024,November,2224.0,41.0,2265.0,0.018101545253863136,11,2024-11-01
Kab. Bogor,2024,Desember,2407.0,48.0,2455.0,0.019551934826883912,12,2024-12-01
Kab. Ciamis,2024,Januari,296.0,4.0,300.0,0.013333333333333334,1,2024-01-01
Kab. Ciamis,2024,Februari,272.0,0.0,272.0,0.0,2,2024-02-01
Kab. Ciamis,2024,Maret,261.0,2.0,263.0,0.0076045627376425855,3,2024-03-01
Kab. Ciamis,2024,April,272.0,1.0,273.0,0.003663003663003663,4,2024-04-01
Kab. Ciamis,2024,Mei,320.0,1.0,321.0,0.003115264797507788,5,2024-05-01
Kab. Ciamis,2024,Juni,260.0,2.0,262.0,0.007633587786259542,6,2024-06-01
Kab. Ciamis,2024,Juli,304.0,1.0,305.0,0.003278688524590164,7,2024-07-01
Kab. Ciamis,2024,Agustus,307.0,1.0,308.0,0.003246753246753247,8,2024-08-01
Kab. Ciamis,2024,September,322.0,1.0,323.0,0.0030959752321981426,9,2024-09-01
Kab. Ciamis,2024,Oktober,277.0,0.0,277.0,0.0,10,2024-10-01
Kab. Ciamis,2024,November,272.0,0.0,272.0,0.0,11,2024-11-01
Kab. Ciamis,2024,Desember,308.0,4.0,312.0,0.01282051282051282,12,2024-12-01
Kab. Cianjur,2024,Januari,913.0,11.0,924.0,0.011904761904761904,1,2024-01-01
Kab. Cianjur,2024,Februari,791.0,7.0,798.0,0.008771929824561403,2,2024-02-01
Kab. Cianjur,2024,Maret,918.0,14.0,932.0,0.015021459227467811,3,2024-03-01
Kab. Cianjur,2024,April,983.0,13.0,996.0,0.013052208835341365,4,2024-04-01
Kab. Cianjur,2024,Mei,1066.0,20.0,1086.0,0.01841620626151013,5,2024-05-01
Kab. Cianjur,2024,Juni,948.0,10.0,958.0,0.010438413361169102,6,2024-06-01
Kab. Cianjur,2024,Juli,1042.0,20.0,1062.0,0.018832391713747645,7,2024-07-01
Kab. Cianjur,2024,Agustus,1051.0,20.0,1071.0,0.018674136321195144,8,2024-08-01
Kab. Cianjur,2024,September,1002.0,13.0,1015.0,0.012807881773399015,9,2024-09-01
Kab. Cianjur,2024,Oktober,1074.0,16.0,1090.0,0.014678899082568808,10,2024-10-01
Kab. Cianjur,2024,November,1083.0,19.0,1102.0,0.017241379310344827,11,2024-11-01
Kab. Cianjur,2024,Desember,973.0,13.0,986.0,0.013184584178498986,12,2024-12-01
Kab. Cirebon,2024,Januari,835.0,12.0,847.0,0.014167650531286895,1,2024-01-01
Kab. Cirebon,2024,Februari,768.0,11.0,779.0,0.014120667522464698,2,2024-02-01
Kab. Cirebon,2024,Maret,847.0,11.0,858.0,0.01282051282051282,3,2024-03-01
Kab. Cirebon,2024,April,794.0,14.0,808.0,0.017326732673267328,4,2024-04-01
Kab. Cirebon,2024,Mei,853.0,8.0,861.0,0.009291521486643438,5,2024-05-01
Kab. Cirebon,2024,Juni,738.0,12.0,750.0,0.016,6,2024-06-01
Kab. Cirebon,2024,Juli,795.0,13.0,808.0,0.01608910891089109,7,2024-07-01
Kab. Cirebon,2024,Agustus,755.0,3.0,758.0,0.00395778364116095,8,2024-08-01
Kab. Cirebon,2024,September,734.0,2.0,736.0,0.002717391304347826,9,2024-09-01
Kab. Cirebon,2024,Oktober,833.0,4.0,837.0,0.0047789725209080045,10,2024-10-01
Kab. Cirebon,2024,November,813.0,12.0,825.0,0.014545454545454545,11,2024-11-01
Kab. Cirebon,2024,Desember,866.0,13.0,879.0,0.01478953356086462,12,2024-12-01
Kab. Garut,2024,Januari,867.0,9.0,876.0,0.010273972602739725,1,2024-01-01
Kab. Garut,2024,Februari,784.0,10.0,794.0,0.012594458438287154,2,2024-02-01
Kab. Garut,2024,Maret,712.0,11.0,723.0,0.015214384508990318,3,2024-03-01
Kab. Garut,2024,April,666.0,10.0,676.0,0.014792899408284023,4,2024-04-01
Kab. Garut,2024,Mei,860.0,9.0,869.0,0.010356731875719217,5,2024-05-01
Kab. Garut,2024,Juni,699.0,9.0,708.0,0.012711864406779662,6,2024-06-01
Kab. Garut,2024,Juli,818.0,6.0,824.0,0.007281553398058253,7,2024-07-01
Kab. Garut,2024,Agustus,746.0,5.0,751.0,0.006657789613848202,8,2024-08-01
Kab. Garut,2024,September,783.0,5.0,788.0,0.006345177664974619,9,2024-09-01
Kab. Garut,2024,Oktober,886.0,8.0,894.0,0.008948545861297539,10,2024-10-01
Kab. Garut,2024,November,936.0,3.0,939.0,0.003194888178913738,11,2024-11-01
Kab. Garut,2024,Desember,767.0,9.0,776.0,0.011597938144329897,12,2024-12-01
Kab. Indramayu,2024,Januari,562.0,3.0,565.0,0.005309734513274336,1,2024-01-01
Kab. Indramayu,2024,Februari,428.0,4.0,432.0,0.009259259259259259,2,2024-02-01
Kab. Indramayu,2024,Maret,525.0,6.0,531.0,0.011299435028248588,3,2024-03-01
Kab. Indramayu,2024,April,575.0,4.0,579.0,0.0069084628670120895,4,2024-04-01
Kab. Indramayu,2024,Mei,549.0,8.0,557.0,0.01436265709156194,5,2024-05-01
Kab. Indramayu,2024,Juni,437.0,7.0,444.0,0.015765765765765764,6,2024-06-01
Kab. Indramayu,2024,Juli,577.0,8.0,585.0,0.013675213675213675,7,2024-07-01
Kab. Indramayu,2024,Agustus,521.0,10.0,531.0,0.018832391713747645,8,2024-08-01
Kab. Indramayu,2024,September,520.0,7.0,527.0,0.013282732447817837,9,2024-09-01
Kab. Indramayu,2024,Oktober,666.0,5.0,671.0,0.007451564828614009,10,2024-10-01
Kab. Indramayu,2024,November,614.0,11.0,625.0,0.0176,11,2024-11-01
Kab. Indramayu,2024,Desember,517.0,6.0,523.0,0.011472275334608031,12,2024-12-01
Kab. Karawang,2024,Januari,1287.0,13.0,1300.0,0.01,1,2024-01-01
Kab. Karawang,2024,Februari,1051.0,19.0,1070.0,0.017757009345794394,2,2024-02-01
Kab. Karawang,2024,Maret,1042.0,12.0,1054.0,0.011385199240986717,3,2024-03-01
Kab. Karawang,2024,April,1038.0,11.0,1049.0,0.010486177311725452,4,2024-04-01
Kab. Karawang,2024,Mei,1223.0,12.0,1235.0,0.009716599190283401,5,2024-05-01
Kab. Karawang,2024,Juni,1017.0,7.0,1024.0,0.0068359375,6,2024-06-01
Kab. Karawang,2024,Juli,1201.0,7.0,1208.0,0.005794701986754967,7,2024-07-01
Kab. Karawang,2024,Agustus,1070.0,18.0,1088.0,0.016544117647058824,8,2024-08-01
Kab. Karawang,2024,September,1063.0,17.0,1080.0,0.01574074074074074,9,2024-09-01
Kab. Karawang,2024,Oktober,1220.0,14.0,1234.0,0.011345218800648298,10,2024-10-01
Kab. Karawang,2024,November,1155.0,14.0,1169.0,0.011976047904191617,11,2024-11-01
Kab. Karawang,2024,Desember,1214.0,10.0,1224.0,0.008169934640522876,12,2024-12-01
Kab. Kuningan,2024,Januari,329.0,2.0,331.0,0.006042296072507553,1,2024-01-01
Kab. Kuningan,2024,Februari,295.0,0.0,295.0,0.0,2,2024-02-01
Kab. Kuningan,2024,Maret,304.0,2.0,306.0,0.006535947712418301,3,2024-03-01
Kab. Kuningan,2024,April,305.0,3.0,308.0,0.00974025974025974,4,2024-04-01
Kab. Kuningan,2024,Mei,335.0,7.0,342.0,0.02046783625730994,5,2024-05-01
Kab. Kuningan,2024,Juni,300.0,1.0,301.0,0.0033222591362126247,6,2024-06-01
Kab. Kuningan,2024,Juli,336.0,5.0,341.0,0.01466275659824047,7,2024-07-01
Kab. Kuningan,2024,Agustus,376.0,3.0,379.0,0.0079155672823219,8,2024-08-01
Kab. Kuningan,2024,September,378.0,1.0,379.0,0.002638522427440633,9,2024-09-01
Kab. Kuningan,2024,Oktober,418.0,1.0,419.0,0.002386634844868735,10,2024-10-01
Kab. Kuningan,2024,November,368.0,4.0,372.0,0.010752688172043012,11,2024-11-01
Kab. Kuningan,2024,Desember,327.0,1.0,328.0,0.003048780487804878,12,2024-12-01
Kab. Majalengka,2024,Januari,419.0,1.0,420.0,0.002380952380952381,1,2024-01-01
Kab. Majalengka,2024,Februari,364.0,2.0,366.0,0.00546448087431694,2,2024-02-01
Kab. Majalengka,2024,Maret,386.0,3.0,389.0,0.007712082262210797,3,2024-03-01
Kab. Majalengka,2024,April,390.0,3.0,393.0,0.007633587786259542,4,2024-04-01
Kab. Majalengka,2024,Mei,376.0,7.0,383.0,0.018276762402088774,5,2024-05-01
Kab. Majalengka,2024,Juni,334.0,4.0,338.0,0.011834319526627219,6,2024-06-01
Kab. Majalengka,2024,Juli,342.0,3.0,345.0,0.008695652173913044,7,2024-07-01
Kab. Majalengka,2024,Agustus,342.0,4.0,346.0,0.011560693641618497,8,2024-08-01
Kab. Majalengka,2024,September,335.0,5.0,340.0,0.014705882352941176,9,2024-09-01
Kab. Majalengka,2024,Oktober,417.0,5.0,422.0,0.011848341232227487,10,2024-10-01
Kab. Majalengka,2024,November,330.0,4.0,334.0,0.011976047904191617,11,2024-11-01
Kab. Majalengka,2024,Desember,387.0,1.0,388.0,0.002577319587628866,12,2024-12-01
Kab. Pangandaran,2024,Januari,87.0,1.0,88.0,0.011363636363636364,1,2024-01-01
Kab. Pangandaran,2024,Februari,78.0,2.0,80.0,0.025,2,2024-02-01
Kab. Pangandaran,2024,Maret,88.0,0.0,88.0,0.0,3,2024-03-01
Kab. Pangandaran,2024,April,61.0,0.0,61.0,0.0,4,2024-04-01
Kab. Pangandaran,2024,Mei,110.0,1.0,111.0,0.009009009009009009,5,2024-05-01
Kab. Pangandaran,2024,Juni,68.0,1.0,69.0,0.014492753623188406,6,2024-06-01
Kab. Pangandaran,2024,Juli,94.0,1.0,95.0,0.010526315789473684,7,2024-07-01
Kab. Pangandaran,2024,Agustus,65.0,0.0,65.0,0.0,8,2024-08-01
Kab. Pangandaran,2024,September,61.0,0.0,61.0,0.0,9,2024-09-01
Kab. Pangandaran,2024,Oktober,81.0,2.0,83.0,0.024096385542168676,10,2024-10-01
Kab. Pangandaran,2024,November,94.0,1.0,95.0,0.010526315789473684,11,2024-11-01
Kab. Pangandaran,2024,Desember,82.0,0.0,82.0,0.0,12,2024-12-01
Kab. Purwakarta,2024,Januari,410.0,1.0,411.0,0.0024330900243309003,1,2024-01-01
Kab. Purwakarta,2024,Februari,314.0,1.0,315.0,0.0031746031746031746,2,2024-02-01
Kab. Purwakarta,2024,Maret,356.0,4.0,360.0,0.011111111111111112,3,2024-03-01
Kab. Purwakarta,2024,April,389.0,4.0,393.0,0.010178117048346057,4,2024-04-01
Kab. Purwakarta,2024,Mei,420.0,2.0,422.0,0.004739336492890996,5,2024-05-01
Kab. Purwakarta,2024,Juni,357.0,4.0,361.0,0.0110803324099723,6,2024-06-01
Kab. Purwakarta,2024,Juli,416.0,2.0,418.0,0.004784688995215311,7,2024-07-01
Kab. Purwakarta,2024,Agustus,421.0,3.0,424.0,0.007075471698113208,8,2024-08-01
Kab. Purwakarta,2024,September,456.0,3.0,459.0,0.006535947712418301,9,2024-09-01
Kab. Purwakarta,2024,Oktober,453.0,3.0,456.0,0.006578947368421052,10,2024-10-01
Kab. Purwakarta,2024,November,386.0,2.0,388.0,0.005154639175257732,11,2024-11-01
Kab. Purwakarta,2024,Desember,465.0,7.0,472.0,0.014830508474576272,12,2024-12-01
Kab. Subang,2024,Januari,564.0,7.0,571.0,0.012259194395796848,1,2024-01-01
Kab. Subang,2024,Februari,455.0,2.0,457.0,0.00437636761487965,2,2024-02-01
Kab. Subang,2024,Maret,475.0,3.0,478.0,0.006276150627615063,3,2024-03-01
Kab. Subang,2024,April,399.0,6.0,405.0,0.014814814814814815,4,2024-04-01
Kab. Subang,2024,Mei,572.0,8.0,580.0,0.013793103448275862,5,2024-05-01
Kab. Subang,2024,Juni,529.0,5.0,534.0,0.009363295880149813,6,2024-06-01
Kab. Subang,2024,Juli,588.0,5.0,593.0,0.008431703204047217,7,2024-07-01
Kab. Subang,2024,Agustus,576.0,2.0,578.0,0.0034602076124567475,8,2024-08-01
Kab. Subang,2024,September,455.0,5.0,460.0,0.010869565217391304,9,2024-09-01
Kab. Subang,2024,Oktober,708.0,10.0,718.0,0.013927576601671309,10,2024-10-01
Kab. Subang,2024,November,559.0,4.0,563.0,0.007104795737122558,11,2024-11-01
Kab. Subang,2024,Desember,551.0,4.0,555.0,0.007207207207207207,12,2024-12-01
Kab. Sukabumi,2024,Januari,999.0,11.0,1010.0,0.01089108910891089,1,2024-01-01
Kab. Sukabumi,2024,Februari,834.0,20.0,854.0,0.0234192037470726,2,2024-02-01
Kab. Sukabumi,2024,Maret,993.0,20.0,1013.0,0.019743336623889437,3,2024-03-01
Kab. Sukabumi,2024,April,869.0,13.0,882.0,0.01473922902494331,4,2024-04-01
Kab. Sukabumi,2024,Mei,1187.0,15.0,1202.0,0.012479201331114808,5,2024-05-01
Kab. Sukabumi,2024,Juni,967.0,11.0,978.0,0.011247443762781187,6,2024-06-01
Kab. Sukabumi,2024,Juli,1120.0,14.0,1134.0,0.012345679012345678,7,2024-07-01
Kab. Sukabumi,2024,Agustus,1151.0,15.0,1166.0,0.012864493996569469,8,2024-08-01
Kab. Sukabumi,2024,September,1128.0,10.0,1138.0,0.008787346221441126,9,2024-09-01
Kab. Sukabumi,2024,Oktober,1173.0,9.0,1182.0,0.007614213197969543,10,2024-10-01
Kab. Sukabumi,2024,November,948.0,6.0,954.0,0.006289308176100629,11,2024-11-01
Kab. Sukabumi,2024,Desember,1046.0,6.0,1052.0,0.005703422053231939,12,2024-12-01
Kab. Sumedang,2024,Januari,338.0,1.0,339.0,0.0029498525073746312,1,2024-01-01
Kab. Sumedang,2024,Februari,297.0,1.0,298.0,0.003355704697986577,2,2024-02-01
Kab. Sumedang,2024,Maret,328.0,1.0,329.0,0.00303951367781155,3,2024-03-01
Kab. Sumedang,2024,April,291.0,2.0,293.0,0.006825938566552901,4,2024-04-01
Kab. Sumedang,2024,Mei,394.0,1.0,395.0,0.002531645569620253,5,2024-05-01
Kab. Sumedang,2024,Juni,280.0,5.0,285.0,0.017543859649122806,6,2024-06-01
Kab. Sumedang,2024,Juli,321.0,3.0,324.0,0.009259259259259259,7,2024-07-01
Kab. Sumedang,2024,Agustus,336.0,3.0,339.0,0.008849557522123894,8,2024-08-01
Kab. Sumedang,2024,September,367.0,2.0,369.0,0.005420054200542005,9,2024-09-01
Kab. Sumedang,2024,Oktober,424.0,2.0,426.0,0.004694835680751174,10,2024-10-01
Kab. Sumedang,2024,November,292.0,1.0,293.0,0.0034129692832764505,11,2024-11-01
Kab. Sumedang,2024,Desember,284.0,1.0,285.0,0.0035087719298245615,12,2024-12-01
Kab. Tasikmalaya,2024,Januari,681.0,4.0,685.0,0.00583941605839416,1,2024-01-01
Kab. Tasikmalaya,2024,Februari,539.0,8.0,547.0,0.014625228519195612,2,2024-02-01
Kab. Tasikmalaya,2024,Maret,273.0,3.0,276.0,0.010869565217391304,3,2024-03-01
Kab. Tasikmalaya,2024,April,298.0,3.0,301.0,0.009966777408637873,4,2024-04-01
Kab. Tasikmalaya,2024,Mei,367.0,6.0,373.0,0.0160857908847185,5,2024-05-01
Kab. Tasikmalaya,2024,Juni,296.0,4.0,300.0,0.013333333333333334,6,2024-06-01
Kab. Tasikmalaya,2024,Juli,381.0,11.0,392.0,0.02806122448979592,7,2024-07-01
Kab. Tasikmalaya,2024,Agustus,365.0,5.0,370.0,0.013513513513513514,8,2024-08-01
Kab. Tasikmalaya,2024,September,352.0,3.0,355.0,0.008450704225352112,9,2024-09-01
Kab. Tasikmalaya,2024,Oktober,420.0,7.0,427.0,0.01639344262295082,10,2024-10-01
Kab. Tasikmalaya,2024,November,398.0,5.0,403.0,0.01240694789081886,11,2024-11-01
Kab. Tasikmalaya,2024,Desember,406.0,6.0,412.0,0.014563106796116505,12,2024-12-01
Kota Bandung,2024,Januari,1651.0,24.0,1675.0,0.014328358208955224,1,2024-01-01
Kota Bandung,2024,Februari,1455.0,15.0,1470.0,0.01020408163265306,2,2024-02-01
Kota Bandung,2024,Maret,1430.0,15.0,1445.0,0.010380622837370242,3,2024-03-01
Kota Bandung,2024,April,1481.0,29.0,1510.0,0.019205298013245033,4,2024-04-01
Kota Bandung,2024,Mei,1664.0,27.0,1691.0,0.01596688350088705,5,2024-05-01
Kota Bandung,2024,Juni,1447.0,16.0,1463.0,0.010936431989063569,6,2024-06-01
Kota Bandung,2024,Juli,1661.0,23.0,1684.0,0.013657957244655582,7,2024-07-01
Kota Bandung,2024,Agustus,1506.0,22.0,1528.0,0.014397905759162303,8,2024-08-01
Kota Bandung,2024,September,1602.0,18.0,1620.0,0.011111111111111112,9,2024-09-01
Kota Bandung,2024,Oktober,1720.0,22.0,1742.0,0.012629161882893225,10,2024-10-01
Kota Bandung,2024,November,1543.0,15.0,1558.0,0.009627727856225931,11,2024-11-01
Kota Bandung,2024,Desember,1619.0,21.0,1640.0,0.012804878048780487,12,2024-12-01
Kota Banjar,2024,Januari,137.0,3.0,140.0,0.02142857142857143,1,2024-01-01
Kota Banjar,2024,Februari,110.0,0.0,110.0,0.0,2,2024-02-01
Kota Banjar,2024,Maret,98.0,1.0,99.0,0.010101010101010102,3,2024-03-01
Kota Banjar,2024,April,95.0,2.0,97.0,0.020618556701030927,4,2024-04-01
Kota Banjar,2024,Mei,157.0,0.0,157.0,0.0,5,2024-05-01
Kota Banjar,2024,Juni,143.0,1.0,144.0,0.006944444444444444,6,2024-06-01
Kota Banjar,2024,Juli,142.0,1.0,143.0,0.006993006993006993,7,2024-07-01
Kota Banjar,2024,Agustus,109.0,0.0,109.0,0.0,8,2024-08-01
Kota Banjar,2024,September,117.0,2.0,119.0,0.01680672268907563,9,2024-09-01
Kota Banjar,2024,Oktober,143.0,0.0,143.0,0.0,10,2024-10-01
Kota Banjar,2024,November,136.0,1.0,137.0,0.0072992700729927005,11,2024-11-01
Kota Banjar,2024,Desember,122.0,0.0,122.0,0.0,12,2024-12-01
Kota Bekasi,2024,Januari,1310.0,13.0,1323.0,0.009826152683295541,1,2024-01-01
Kota Bekasi,2024,Februari,1075.0,12.0,1087.0,0.011039558417663294,2,2024-02-01
Kota Bekasi,2024,Maret,1144.0,14.0,1158.0,0.012089810017271158,3,2024-03-01
Kota Bekasi,2024,April,1079.0,10.0,1089.0,0.009182736455463728,4,2024-04-01
Kota Bekasi,2024,Mei,1347.0,16.0,1363.0,0.01173881144534116,5,2024-05-01
Kota Bekasi,2024,Juni,1110.0,12.0,1122.0,0.0106951871657754,6,2024-06-01
Kota Bekasi,2024,Juli,1149.0,18.0,1167.0,0.015424164524421594,7,2024-07-01
Kota Bekasi,2024,Agustus,1144.0,6.0,1150.0,0.0052173913043478265,8,2024-08-01
Kota Bekasi,2024,September,989.0,3.0,992.0,0.0030241935483870967,9,2024-09-01
Kota Bekasi,2024,Oktober,1214.0,11.0,1225.0,0.008979591836734694,10,2024-10-01
Kota Bekasi,2024,November,1190.0,12.0,1202.0,0.009983361064891847,11,2024-11-01
Kota Bekasi,2024,Desember,1013.0,13.0,1026.0,0.012670565302144249,12,2024-12-01
Kota Bogor,2024,Januari,913.0,20.0,933.0,0.021436227224008574,1,2024-01-01
Kota Bogor,2024,Februari,807.0,21.0,828.0,0.025362318840579712,2,2024-02-01
Kota Bogor,2024,Maret,928.0,22.0,950.0,0.023157894736842106,3,2024-03-01
Kota Bogor,2024,April,973.0,16.0,989.0,0.016177957532861477,4,2024-04-01
Kota Bogor,2024,Mei,1100.0,17.0,1117.0,0.01521933751119069,5,2024-05-01
Kota Bogor,2024,Juni,878.0,26.0,904.0,0.028761061946902654,6,2024-06-01
Kota Bogor,2024,Juli,1017.0,24.0,1041.0,0.023054755043227664,7,2024-07-01
Kota Bogor,2024,Agustus,996.0,15.0,1011.0,0.01483679525222552,8,2024-08-01
Kota Bogor,2024,September,899.0,22.0,921.0,0.023887079261672096,9,2024-09-01
Kota Bogor,2024,Oktober,1017.0,18.0,1035.0,0.017391304347826087,10,2024-10-01
Kota Bogor,2024,November,899.0,19.0,918.0,0.020697167755991286,11,2024-11-01
Kota Bogor,2024,Desember,896.0,10.0,906.0,0.011037527593818985,12,2024-12-01
Kota Cimahi,2024,Januari,433.0,2.0,435.0,0.004597701149425287,1,2024-01-01
Kota Cimahi,2024,Februari,352.0,8.0,360.0,0.022222222222222223,2,2024-02-01
Kota Cimahi,2024,Maret,372.0,1.0,373.0,0.002680965147453083,3,2024-03-01
Kota Cimahi,2024,April,342.0,7.0,349.0,0.02005730659025788,4,2024-04-01
Kota Cimahi,2024,Mei,404.0,3.0,407.0,0.007371007371007371,5,2024-05-01
Kota Cimahi,2024,Juni,351.0,3.0,354.0,0.00847457627118644,6,2024-06-01
Kota Cimahi,2024,Juli,425.0,3.0,428.0,0.007009345794392523,7,2024-07-01
Kota Cimahi,2024,Agustus,381.0,4.0,385.0,0.01038961038961039,8,2024-08-01
Kota Cimahi,2024,September,360.0,3.0,363.0,0.008264462809917356,9,2024-09-01
Kota Cimahi,2024,Oktober,498.0,4.0,502.0,0.00796812749003984,10,2024-10-01
Kota Cimahi,2024,November,355.0,3.0,358.0,0.008379888268156424,11,2024-11-01
Kota Cimahi,2024,Desember,392.0,1.0,393.0,0.002544529262086514,12,2024-12-01
Kota Cirebon,2024,Januari,402.0,7.0,409.0,0.017114914425427872,1,2024-01-01
Kota Cirebon,2024,Februari,354.0,10.0,364.0,0.027472527472527472,2,2024-02-01
Kota Cirebon,2024,Maret,409.0,5.0,414.0,0.012077294685990338,3,2024-03-01
Kota Cirebon,2024,April,365.0,6.0,371.0,0.016172506738544475,4,2024-04-01
Kota Cirebon,2024,Mei,419.0,4.0,423.0,0.009456264775413711,5,2024-05-01
Kota Cirebon,2024,Juni,309.0,3.0,312.0,0.009615384615384616,6,2024-06-01
Kota Cirebon,2024,Juli,350.0,6.0,356.0,0.016853932584269662,7,2024-07-01
Kota Cirebon,2024,Agustus,290.0,8.0,298.0,0.026845637583892617,8,2024-08-01
Kota Cirebon,2024,September,331.0,4.0,335.0,0.011940298507462687,9,2024-09-01
Kota Cirebon,2024,Oktober,389.0,3.0,392.0,0.007653061224489796,10,2024-10-01
Kota Cirebon,2024,November,376.0,4.0,380.0,0.010526315789473684,11,2024-11-01
Kota Cirebon,2024,Desember,306.0,4.0,310.0,0.012903225806451613,12,2024-12-01
Kota Depok,2024,Januari,718.0,15.0,733.0,0.020463847203274217,1,2024-01-01
Kota Depok,2024,Februari,662.0,9.0,671.0,0.013412816691505217,2,2024-02-01
Kota Depok,2024,Maret,740.0,18.0,758.0,0.023746701846965697,3,2024-03-01
Kota Depok,2024,April,658.0,20.0,678.0,0.029498525073746312,4,2024-04-01
Kota Depok,2024,Mei,770.0,10.0,780.0,0.01282051282051282,5,2024-05-01
Kota Depok,2024,Juni,645.0,11.0,656.0,0.01676829268292683,6,2024-06-01
Kota Depok,2024,Juli,724.0,15.0,739.0,0.02029769959404601,7,2024-07-01
Kota Depok,2024,Agustus,694.0,14.0,708.0,0.01977401129943503,8,2024-08-01
Kota Depok,2024,September,648.0,14.0,662.0,0.021148036253776436,9,2024-09-01
Kota Depok,2024,Oktober,746.0,18.0,764.0,0.02356020942408377,10,2024-10-01
Kota Depok,2024,November,716.0,9.0,725.0,0.012413793103448275,11,2024-11-01
Kota Depok,2024,Desember,725.0,7.0,732.0,0.009562841530054645,12,2024-12-01
Kota Sukabumi,2024,Januari,298.0,4.0,302.0,0.013245033112582781,1,2024-01-01
Kota Sukabumi,2024,Februari,232.0,5.0,237.0,0.02109704641350211,2,2024-02-01
Kota Sukabumi,2024,Maret,246.0,6.0,252.0,0.023809523809523808,3,2024-03-01
Kota Sukabumi,2024,April,255.0,2.0,257.0,0.007782101167315175,4,2024-04-01
Kota Sukabumi,2024,Mei,311.0,1.0,312.0,0.003205128205128205,5,2024-05-01
Kota Sukabumi,2024,Juni,291.0,6.0,297.0,0.020202020202020204,6,2024-06-01
Kota Sukabumi,2024,Juli,301.0,5.0,306.0,0.016339869281045753,7,2024-07-01
Kota Sukabumi,2024,Agustus,315.0,7.0,322.0,0.021739130434782608,8,2024-08-01
Kota Sukabumi,2024,September,289.0,3.0,292.0,0.010273972602739725,9,2024-09-01
Kota Sukabumi,2024,Oktober,321.0,2.0,323.0,0.006191950464396285,10,2024-10-01
Kota Sukabumi,2024,November,269.0,1.0,270.0,0.003703703703703704,11,2024-11-01
Kota Sukabumi,2024,Desember,307.0,4.0,311.0,0.012861736334405145,12,2024-12-01
Kota Tasikmalaya,2024,Januari,428.0,7.0,435.0,0.016091954022988506,1,2024-01-01
Kota Tasikmalaya,2024,Februari,373.0,7.0,380.0,0.018421052631578946,2,2024-02-01
Kota Tasikmalaya,2024,Maret,393.0,5.0,398.0,0.01256281407035176,3,2024-03-01
Kota Tasikmalaya,2024,April,381.0,2.0,383.0,0.005221932114882507,4,2024-04-01
Kota Tasikmalaya,2024,Mei,403.0,12.0,415.0,0.02891566265060241,5,2024-05-01
Kota Tasikmalaya,2024,Juni,351.0,5.0,356.0,0.014044943820224719,6,2024-06-01
Kota Tasikmalaya,2024,Juli,433.0,6.0,439.0,0.01366742596810934,7,2024-07-01
Kota Tasikmalaya,2024,Agustus,368.0,5.0,373.0,0.013404825737265416,8,2024-08-01
Kota Tasikmalaya,2024,September,396.0,1.0,397.0,0.0025188916876574307,9,2024-09-01
Kota Tasikmalaya,2024,Oktober,405.0,3.0,408.0,0.007352941176470588,10,2024-10-01
Kota Tasikmalaya,2024,November,375.0,1.0,376.0,0.0026595744680851063,11,2024-11-01
Kota Tasikmalaya,2024,Desember,374.0,2.0,376.0,0.005319148936170213,12,2024-12-01
Kab. Bandung,2025,Januari,1234.0,9.0,1243.0,0.007240547063555913,1,2025-01-01
Kab. Bandung,2025,Februari,1155.0,9.0,1164.0,0.007731958762886598,2,2025-02-01
Kab. Bandung,2025,Maret,1044.0,5.0,1049.0,0.004766444232602479,3,2025-03-01
Kab. Bandung,2025,April,1082.0,3.0,1085.0,0.0027649769585253456,4,2025-04-01
Kab. Bandung,2025,Mei,1084.0,7.0,1091.0,0.006416131989000917,5,2025-05-01
Kab. Bandung,2025,Juni,1013.0,8.0,1021.0,0.007835455435847209,6,2025-06-01
Kab. Bandung,2025,Juli,1361.0,7.0,1368.0,0.005116959064327485,7,2025-07-01
Kab. Bandung,2025,Agustus,1306.0,12.0,1318.0,0.009104704097116844,8,2025-08-01
Kab. Bandung,2025,September,1396.0,5.0,1401.0,0.0035688793718772305,9,2025-09-01
Kab. Bandung,2025,Oktober,1358.0,9.0,1367.0,0.006583760058522311,10,2025-10-01
Kab. Bandung,2025,November,1188.0,10.0,1198.0,0.008347245409015025,11,2025-11-01
Kab. Bandung,2025,Desember,1186.0,10.0,1196.0,0.008361204013377926,12,2025-12-01
Kab. Bandung Barat,2025,Januari,380.0,2.0,382.0,0.005235602094240838,1,2025-01-01
Kab. Bandung Barat,2025,Februari,369.0,2.0,371.0,0.005390835579514825,2,2025-02-01
Kab. Bandung Barat,2025,Maret,325.0,1.0,326.0,0.003067484662576687,3,2025-03-01
Kab. Bandung Barat,2025,April,333.0,3.0,336.0,0.008928571428571428,4,2025-04-01
Kab. Bandung Barat,2025,Mei,330.0,2.0,332.0,0.006024096385542169,5,2025-05-01
Kab. Bandung Barat,2025,Juni,323.0,1.0,324.0,0.0030864197530864196,6,2025-06-01
Kab. Bandung Barat,2025,Juli,397.0,3.0,400.0,0.0075,7,2025-07-01
Kab. Bandung Barat,2025,Agustus,374.0,3.0,377.0,0.007957559681697613,8,2025-08-01
Kab. Bandung Barat,2025,September,450.0,1.0,451.0,0.0022172949002217295,9,2025-09-01
Kab. Bandung Barat,2025,Oktober,402.0,5.0,407.0,0.012285012285012284,10,2025-10-01
Kab. Bandung Barat,2025,November,329.0,0.0,329.0,0.0,11,2025-11-01
Kab. Bandung Barat,2025,Desember,366.0,4.0,370.0,0.010810810810810811,12,2025-12-01
Kab. Bekasi,2025,Januari,1335.0,18.0,1353.0,0.013303769401330377,1,2025-01-01
Kab. Bekasi,2025,Februari,1272.0,23.0,1295.0,0.01776061776061776,2,2025-02-01
Kab. Bekasi,2025,Maret,1034.0,16.0,1050.0,0.015238095238095238,3,2025-03-01
Kab. Bekasi,2025,April,1149.0,11.0,1160.0,0.009482758620689655,4,2025-04-01
Kab. Bekasi,2025,Mei,1036.0,14.0,1050.0,0.013333333333333334,5,2025-05-01
Kab. Bekasi,2025,Juni,888.0,6.0,894.0,0.006711409395973154,6,2025-06-01
Kab. Bekasi,2025,Juli,1165.0,16.0,1181.0,0.013547840812870448,7,2025-07-01
Kab. Bekasi,2025,Agustus,2246.0,21.0,2267.0,0.009263343625937363,8,2025-08-01
Kab. Bekasi,2025,September,1251.0,17.0,1268.0,0.013406940063091483,9,2025-09-01
Kab. Bekasi,2025,Oktober,1094.0,11.0,1105.0,0.009954751131221719,10,2025-10-01
Kab. Bekasi,2025,November,1069.0,32.0,1101.0,0.029064486830154404,11,2025-11-01
Kab. Bekasi,2025,Desember,1099.0,16.0,1115.0,0.014349775784753363,12,2025-12-01
Kab. Bogor,2025,Januari,2471.0,51.0,2522.0,0.020222045995241873,1,2025-01-01
Kab. Bogor,2025,Februari,2403.0,41.0,2444.0,0.016775777414075287,2,2025-02-01
Kab. Bogor,2025,Maret,2208.0,23.0,2231.0,0.010309278350515464,3,2025-03-01
Kab. Bogor,2025,April,2422.0,36.0,2458.0,0.014646053702196907,4,2025-04-01
Kab. Bogor,2025,Mei,2109.0,23.0,2132.0,0.010787992495309569,5,2025-05-01
Kab. Bogor,2025,Juni,2031.0,11.0,2042.0,0.0053868756121449556,6,2025-06-01
Kab. Bogor,2025,Juli,2109.0,23.0,2132.0,0.010787992495309569,7,2025-07-01
Kab. Bogor,2025,Agustus,2412.0,34.0,2446.0,0.013900245298446443,8,2025-08-01
Kab. Bogor,2025,September,2591.0,47.0,2638.0,0.01781652767247915,9,2025-09-01
Kab. Bogor,2025,Oktober,2627.0,60.0,2687.0,0.02232973576479345,10,2025-10-01
Kab. Bogor,2025,November,2186.0,54.0,2240.0,0.024107142857142858,11,2025-11-01
Kab. Bogor,2025,Desember,2105.0,57.0,2162.0,0.026364477335800184,12,2025-12-01
Kab. Ciamis,2025,Januari,332.0,1.0,333.0,0.003003003003003003,1,2025-01-01
Kab. Ciamis,2025,Februari,261.0,3.0,264.0,0.011363636363636364,2,2025-02-01
Kab. Ciamis,2025,Maret,209.0,2.0,211.0,0.009478672985781991,3,2025-03-01
Kab. Ciamis,2025,April,245.0,2.0,247.0,0.008097165991902834,4,2025-04-01
Kab. Ciamis,2025,Mei,228.0,1.0,229.0,0.004366812227074236,5,2025-05-01
Kab. Ciamis,2025,Juni,212.0,2.0,214.0,0.009345794392523364,6,2025-06-01
Kab. Ciamis,2025,Juli,303.0,1.0,304.0,0.003289473684210526,7,2025-07-01
Kab. Ciamis,2025,Agustus,292.0,1.0,293.0,0.0034129692832764505,8,2025-08-01
Kab. Ciamis,2025,September,390.0,0.0,390.0,0.0,9,2025-09-01
Kab. Ciamis,2025,Oktober,530.0,3.0,533.0,0.005628517823639775,10,2025-10-01
Kab. Ciamis,2025,November,338.0,3.0,341.0,0.008797653958944282,11,2025-11-01
Kab. Ciamis,2025,Desember,268.0,2.0,270.0,0.007407407407407408,12,2025-12-01
Kab. Cianjur,2025,Januari,1255.0,9.0,1264.0,0.007120253164556962,1,2025-01-01
Kab. Cianjur,2025,Februari,1146.0,8.0,1154.0,0.006932409012131715,2,2025-02-01
Kab. Cianjur,2025,Maret,891.0,5.0,896.0,0.005580357142857143,3,2025-03-01
Kab. Cianjur,2025,April,854.0,8.0,862.0,0.009280742459396751,4,2025-04-01
Kab. Cianjur,2025,Mei,877.0,5.0,882.0,0.005668934240362812,5,2025-05-01
Kab. Cianjur,2025,Juni,827.0,1.0,828.0,0.0012077294685990338,6,2025-06-01
Kab. Cianjur,2025,Juli,1111.0,10.0,1121.0,0.008920606601248885,7,2025-07-01
Kab. Cianjur,2025,Agustus,1091.0,16.0,1107.0,0.014453477868112014,8,2025-08-01
Kab. Cianjur,2025,September,1129.0,7.0,1136.0,0.006161971830985915,9,2025-09-01
Kab. Cianjur,2025,Oktober,1135.0,17.0,1152.0,0.014756944444444444,10,2025-10-01
Kab. Cianjur,2025,November,1043.0,6.0,1049.0,0.005719733079122974,11,2025-11-01
Kab. Cianjur,2025,Desember,1000.0,22.0,1022.0,0.021526418786692758,12,2025-12-01
Kab. Cirebon,2025,Januari,836.0,13.0,849.0,0.015312131919905771,1,2025-01-01
Kab. Cirebon,2025,Februari,769.0,9.0,778.0,0.011568123393316195,2,2025-02-01
Kab. Cirebon,2025,Maret,689.0,5.0,694.0,0.007204610951008645,3,2025-03-01
Kab. Cirebon,2025,April,778.0,16.0,794.0,0.020151133501259445,4,2025-04-01
Kab. Cirebon,2025,Mei,765.0,6.0,771.0,0.007782101167315175,5,2025-05-01
Kab. Cirebon,2025,Juni,628.0,4.0,632.0,0.006329113924050633,6,2025-06-01
Kab. Cirebon,2025,Juli,660.0,2.0,662.0,0.0030211480362537764,7,2025-07-01
Kab. Cirebon,2025,Agustus,633.0,2.0,635.0,0.0031496062992125984,8,2025-08-01
Kab. Cirebon,2025,September,817.0,8.0,825.0,0.009696969696969697,9,2025-09-01
Kab. Cirebon,2025,Oktober,981.0,5.0,986.0,0.005070993914807302,10,2025-10-01
Kab. Cirebon,2025,November,740.0,7.0,747.0,0.009370816599732263,11,2025-11-01
Kab. Cirebon,2025,Desember,714.0,6.0,720.0,0.008333333333333333,12,2025-12-01
Kab. Garut,2025,Januari,905.0,7.0,912.0,0.007675438596491228,1,2025-01-01
Kab. Garut,2025,Februari,816.0,7.0,823.0,0.00850546780072904,2,2025-02-01
Kab. Garut,2025,Maret,655.0,4.0,659.0,0.006069802731411229,3,2025-03-01
Kab. Garut,2025,April,836.0,10.0,846.0,0.01182033096926714,4,2025-04-01
Kab. Garut,2025,Mei,807.0,3.0,810.0,0.003703703703703704,5,2025-05-01
Kab. Garut,2025,Juni,656.0,5.0,661.0,0.007564296520423601,6,2025-06-01
Kab. Garut,2025,Juli,850.0,6.0,856.0,0.007009345794392523,7,2025-07-01
Kab. Garut,2025,Agustus,819.0,6.0,825.0,0.007272727272727273,8,2025-08-01
Kab. Garut,2025,September,969.0,18.0,987.0,0.0182370820668693,9,2025-09-01
Kab. Garut,2025,Oktober,988.0,11.0,999.0,0.011011011011011011,10,2025-10-01
Kab. Garut,2025,November,725.0,10.0,735.0,0.013605442176870748,11,2025-11-01
Kab. Garut,2025,Desember,753.0,20.0,773.0,0.0258732212160414,12,2025-12-01
Kab. Indramayu,2025,Januari,583.0,13.0,596.0,0.02181208053691275,1,2025-01-01
Kab. Indramayu,2025,Februari,492.0,5.0,497.0,0.01006036217303823,2,2025-02-01
Kab. Indramayu,2025,Maret,487.0,12.0,499.0,0.02404809619238477,3,2025-03-01
Kab. Indramayu,2025,April,513.0,10.0,523.0,0.019120458891013385,4,2025-04-01
Kab. Indramayu,2025,Mei,516.0,5.0,521.0,0.009596928982725527,5,2025-05-01
Kab. Indramayu,2025,Juni,461.0,3.0,464.0,0.00646551724137931,6,2025-06-01
Kab. Indramayu,2025,Juli,531.0,14.0,545.0,0.025688073394495414,7,2025-07-01
Kab. Indramayu,2025,Agustus,471.0,3.0,474.0,0.006329113924050633,8,2025-08-01
Kab. Indramayu,2025,September,475.0,2.0,477.0,0.0041928721174004195,9,2025-09-01
Kab. Indramayu,2025,Oktober,618.0,6.0,624.0,0.009615384615384616,10,2025-10-01
Kab. Indramayu,2025,November,560.0,4.0,564.0,0.0070921985815602835,11,2025-11-01
Kab. Indramayu,2025,Desember,494.0,12.0,506.0,0.023715415019762844,12,2025-12-01
Kab. Karawang,2025,Januari,1116.0,8.0,1124.0,0.0071174377224199285,1,2025-01-01
Kab. Karawang,2025,Februari,1077.0,10.0,1087.0,0.00919963201471941,2,2025-02-01
Kab. Karawang,2025,Maret,932.0,6.0,938.0,0.006396588486140725,3,2025-03-01
Kab. Karawang,2025,April,1009.0,8.0,1017.0,0.007866273352999017,4,2025-04-01
Kab. Karawang,2025,Mei,1017.0,9.0,1026.0,0.008771929824561403,5,2025-05-01
Kab. Karawang,2025,Juni,940.0,15.0,955.0,0.015706806282722512,6,2025-06-01
Kab. Karawang,2025,Juli,1133.0,18.0,1151.0,0.015638575152041704,7,2025-07-01
Kab. Karawang,2025,Agustus,1049.0,15.0,1064.0,0.014097744360902255,8,2025-08-01
Kab. Karawang,2025,September,1031.0,4.0,1035.0,0.003864734299516908,9,2025-09-01
Kab. Karawang,2025,Oktober,1083.0,24.0,1107.0,0.02168021680216802,10,2025-10-01
Kab. Karawang,2025,November,991.0,22.0,1013.0,0.02171767028627838,11,2025-11-01
Kab. Karawang,2025,Desember,945.0,11.0,956.0,0.011506276150627616,12,2025-12-01
Kab. Kuningan,2025,Januari,298.0,5.0,303.0,0.0165016501650165,1,2025-01-01
Kab. Kuningan,2025,Februari,344.0,2.0,346.0,0.005780346820809248,2,2025-02-01
Kab. Kuningan,2025,Maret,237.0,2.0,239.0,0.008368200836820083,3,2025-03-01
Kab. Kuningan,2025,April,313.0,2.0,315.0,0.006349206349206349,4,2025-04-01
Kab. Kuningan,2025,Mei,319.0,4.0,323.0,0.01238390092879257,5,2025-05-01
Kab. Kuningan,2025,Juni,284.0,0.0,284.0,0.0,6,2025-06-01
Kab. Kuningan,2025,Juli,288.0,1.0,289.0,0.0034602076124567475,7,2025-07-01
Kab. Kuningan,2025,Agustus,255.0,1.0,256.0,0.00390625,8,2025-08-01
Kab. Kuningan,2025,September,384.0,3.0,387.0,0.007751937984496124,9,2025-09-01
Kab. Kuningan,2025,Oktober,431.0,7.0,438.0,0.01598173515981735,10,2025-10-01
Kab. Kuningan,2025,November,312.0,3.0,315.0,0.009523809523809525,11,2025-11-01
Kab. Kuningan,2025,Desember,271.0,1.0,272.0,0.003676470588235294,12,2025-12-01
Kab. Majalengka,2025,Januari,364.0,0.0,364.0,0.0,1,2025-01-01
Kab. Majalengka,2025,Februari,331.0,5.0,336.0,0.01488095238095238,2,2025-02-01
Kab. Majalengka,2025,Maret,381.0,4.0,385.0,0.01038961038961039,3,2025-03-01
Kab. Majalengka,2025,April,363.0,2.0,365.0,0.005479452054794521,4,2025-04-01
Kab. Majalengka,2025,Mei,335.0,5.0,340.0,0.014705882352941176,5,2025-05-01
Kab. Majalengka,2025,Juni,336.0,2.0,338.0,0.005917159763313609,6,2025-06-01
Kab. Majalengka,2025,Juli,468.0,6.0,474.0,0.012658227848101266,7,2025-07-01
Kab. Majalengka,2025,Agustus,370.0,1.0,371.0,0.0026954177897574125,8,2025-08-01
Kab. Majalengka,2025,September,330.0,0.0,330.0,0.0,9,2025-09-01
Kab. Majalengka,2025,Oktober,612.0,7.0,619.0,0.011308562197092083,10,2025-10-01
Kab. Majalengka,2025,November,316.0,6.0,322.0,0.018633540372670808,11,2025-11-01
Kab. Majalengka,2025,Desember,356.0,0.0,356.0,0.0,12,2025-12-01
Kab. Pangandaran,2025,Januari,90.0,0.0,90.0,0.0,1,2025-01-01
Kab. Pangandaran,2025,Februari,85.0,2.0,87.0,0.022988505747126436,2,2025-02-01
Kab. Pangandaran,2025,Maret,76.0,0.0,76.0,0.0,3,2025-03-01
Kab. Pangandaran,2025,April,104.0,0.0,104.0,0.0,4,2025-04-01
Kab. Pangandaran,2025,Mei,80.0,4.0,84.0,0.047619047619047616,5,2025-05-01
Kab. Pangandaran,2025,Juni,81.0,0.0,81.0,0.0,6,2025-06-01
Kab. Pangandaran,2025,Juli,100.0,0.0,100.0,0.0,7,2025-07-01
Kab. Pangandaran,2025,Agustus,88.0,0.0,88.0,0.0,8,2025-08-01
Kab. Pangandaran,2025,September,96.0,0.0,96.0,0.0,9,2025-09-01
Kab. Pangandaran,2025,Oktober,87.0,0.0,87.0,0.0,10,2025-10-01
Kab. Pangandaran,2025,November,59.0,0.0,59.0,0.0,11,2025-11-01
Kab. Pangandaran,2025,Desember,72.0,0.0,72.0,0.0,12,2025-12-01
Kab. Purwakarta,2025,Januari,504.0,4.0,508.0,0.007874015748031496,1,2025-01-01
Kab. Purwakarta,2025,Februari,402.0,2.0,404.0,0.0049504950495049506,2,2025-02-01
Kab. Purwakarta,2025,Maret,366.0,5.0,371.0,0.013477088948787063,3,2025-03-01
Kab. Purwakarta,2025,April,392.0,3.0,395.0,0.007594936708860759,4,2025-04-01
Kab. Purwakarta,2025,Mei,398.0,0.0,398.0,0.0,5,2025-05-01
Kab. Purwakarta,2025,Juni,285.0,0.0,285.0,0.0,6,2025-06-01
Kab. Purwakarta,2025,Juli,439.0,4.0,443.0,0.009029345372460496,7,2025-07-01
Kab. Purwakarta,2025,Agustus,376.0,1.0,377.0,0.002652519893899204,8,2025-08-01
Kab. Purwakarta,2025,September,447.0,2.0,449.0,0.004454342984409799,9,2025-09-01
Kab. Purwakarta,2025,Oktober,636.0,5.0,641.0,0.0078003120124804995,10,2025-10-01
Kab. Purwakarta,2025,November,447.0,5.0,452.0,0.011061946902654867,11,2025-11-01
Kab. Purwakarta,2025,Desember,338.0,10.0,348.0,0.028735632183908046,12,2025-12-01
Kab. Subang,2025,Januari,596.0,5.0,601.0,0.008319467554076539,1,2025-01-01
Kab. Subang,2025,Februari,710.0,5.0,715.0,0.006993006993006993,2,2025-02-01
Kab. Subang,2025,Maret,487.0,6.0,493.0,0.012170385395537525,3,2025-03-01
Kab. Subang,2025,April,471.0,2.0,473.0,0.004228329809725159,4,2025-04-01
Kab. Subang,2025,Mei,607.0,1.0,608.0,0.001644736842105263,5,2025-05-01
Kab. Subang,2025,Juni,562.0,5.0,567.0,0.008818342151675485,6,2025-06-01
Kab. Subang,2025,Juli,701.0,6.0,707.0,0.008486562942008486,7,2025-07-01
Kab. Subang,2025,Agustus,678.0,5.0,683.0,0.007320644216691069,8,2025-08-01
Kab. Subang,2025,September,778.0,5.0,783.0,0.006385696040868455,9,2025-09-01
Kab. Subang,2025,Oktober,831.0,8.0,839.0,0.009535160905840286,10,2025-10-01
Kab. Subang,2025,November,622.0,8.0,630.0,0.012698412698412698,11,2025-11-01
Kab. Subang,2025,Desember,515.0,2.0,517.0,0.0038684719535783366,12,2025-12-01
Kab. Sukabumi,2025,Januari,1011.0,10.0,1021.0,0.009794319294809012,1,2025-01-01
Kab. Sukabumi,2025,Februari,939.0,12.0,951.0,0.012618296529968454,2,2025-02-01
Kab. Sukabumi,2025,Maret,796.0,10.0,806.0,0.01240694789081886,3,2025-03-01
Kab. Sukabumi,2025,April,1011.0,10.0,1021.0,0.009794319294809012,4,2025-04-01
Kab. Sukabumi,2025,Mei,968.0,16.0,984.0,0.016260162601626018,5,2025-05-01
Kab. Sukabumi,2025,Juni,1084.0,2.0,1086.0,0.001841620626151013,6,2025-06-01
Kab. Sukabumi,2025,Juli,1095.0,4.0,1099.0,0.003639672429481347,7,2025-07-01
Kab. Sukabumi,2025,Agustus,1195.0,10.0,1205.0,0.008298755186721992,8,2025-08-01
Kab. Sukabumi,2025,September,1309.0,7.0,1316.0,0.005319148936170213,9,2025-09-01
Kab. Sukabumi,2025,Oktober,1142.0,5.0,1147.0,0.004359197907585004,10,2025-10-01
Kab. Sukabumi,2025,November,1099.0,4.0,1103.0,0.003626473254759746,11,2025-11-01
Kab. Sukabumi,2025,Desember,1023.0,9.0,1032.0,0.00872093023255814,12,2025-12-01
Kab. Sumedang,2025,Januari,265.0,3.0,268.0,0.011194029850746268,1,2025-01-01
Kab. Sumedang,2025,Februari,290.0,1.0,291.0,0.003436426116838488,2,2025-02-01
Kab. Sumedang,2025,Maret,258.0,1.0,259.0,0.003861003861003861,3,2025-03-01
Kab. Sumedang,2025,April,281.0,0.0,281.0,0.0,4,2025-04-01
Kab. Sumedang,2025,Mei,258.0,2.0,260.0,0.007692307692307693,5,2025-05-01
Kab. Sumedang,2025,Juni,248.0,1.0,249.0,0.004016064257028112,6,2025-06-01
Kab. Sumedang,2025,Juli,301.0,3.0,304.0,0.009868421052631578,7,2025-07-01
Kab. Sumedang,2025,Agustus,309.0,1.0,310.0,0.0032258064516129032,8,2025-08-01
Kab. Sumedang,2025,September,259.0,0.0,259.0,0.0,9,2025-09-01
Kab. Sumedang,2025,Oktober,351.0,2.0,353.0,0.0056657223796034,10,2025-10-01
Kab. Sumedang,2025,November,299.0,4.0,303.0,0.013201320132013201,11,2025-11-01
Kab. Sumedang,2025,Desember,298.0,4.0,302.0,0.013245033112582781,12,2025-12-01
Kab. Tasikmalaya,2025,Januari,382.0,4.0,386.0,0.010362694300518135,1,2025-01-01
Kab. Tasikmalaya,2025,Februari,414.0,5.0,419.0,0.011933174224343675,2,2025-02-01
Kab. Tasikmalaya,2025,Maret,353.0,8.0,361.0,0.0221606648199446,3,2025-03-01
Kab. Tasikmalaya,2025,April,356.0,2.0,358.0,0.00558659217877095,4,2025-04-01
Kab. Tasikmalaya,2025,Mei,335.0,3.0,338.0,0.008875739644970414,5,2025-05-01
Kab. Tasikmalaya,2025,Juni,308.0,1.0,309.0,0.003236245954692557,6,2025-06-01
Kab. Tasikmalaya,2025,Juli,365.0,1.0,366.0,0.00273224043715847,7,2025-07-01
Kab. Tasikmalaya,2025,Agustus,437.0,6.0,443.0,0.013544018058690745,8,2025-08-01
Kab. Tasikmalaya,2025,September,435.0,5.0,440.0,0.011363636363636364,9,2025-09-01
Kab. Tasikmalaya,2025,Oktober,460.0,7.0,467.0,0.014989293361884369,10,2025-10-01
Kab. Tasikmalaya,2025,November,375.0,11.0,386.0,0.02849740932642487,11,2025-11-01
Kab. Tasikmalaya,2025,Desember,707.0,6.0,713.0,0.008415147265077139,12,2025-12-01
Kota Bandung,2025,Januari,1583.0,8.0,1591.0,0.00502828409805154,1,2025-01-01
Kota Bandung,2025,Februari,1554.0,13.0,1567.0,0.008296107211231652,2,2025-02-01
Kota Bandung,2025,Maret,1325.0,12.0,1337.0,0.008975317875841436,3,2025-03-01
Kota Bandung,2025,April,1436.0,12.0,1448.0,0.008287292817679558,4,2025-04-01
Kota Bandung,2025,Mei,1328.0,11.0,1339.0,0.008215085884988798,5,2025-05-01
Kota Bandung,2025,Juni,1297.0,11.0,1308.0,0.008409785932721712,6,2025-06-01
Kota Bandung,2025,Juli,1619.0,26.0,1645.0,0.015805471124620062,7,2025-07-01
Kota Bandung,2025,Agustus,1627.0,22.0,1649.0,0.013341419041843541,8,2025-08-01
Kota Bandung,2025,September,1809.0,20.0,1829.0,0.010934937124111536,9,2025-09-01
Kota Bandung,2025,Oktober,1907.0,17.0,1924.0,0.008835758835758836,10,2025-10-01
Kota Bandung,2025,November,1609.0,13.0,1622.0,0.008014796547472256,11,2025-11-01
Kota Bandung,2025,Desember,1566.0,21.0,1587.0,0.013232514177693762,12,2025-12-01
Kota Banjar,2025,Januari,108.0,2.0,110.0,0.01818181818181818,1,2025-01-01
Kota Banjar,2025,Februari,115.0,0.0,115.0,0.0,2,2025-02-01
Kota Banjar,2025,Maret,109.0,1.0,110.0,0.00909090909090909,3,2025-03-01
Kota Banjar,2025,April,115.0,2.0,117.0,0.017094017094017096,4,2025-04-01
Kota Banjar,2025,Mei,131.0,1.0,132.0,0.007575757575757576,5,2025-05-01
Kota Banjar,2025,Juni,115.0,0.0,115.0,0.0,6,2025-06-01
Kota Banjar,2025,Juli,133.0,0.0,133.0,0.0,7,2025-07-01
Kota Banjar,2025,Agustus,118.0,1.0,119.0,0.008403361344537815,8,2025-08-01
Kota Banjar,2025,September,106.0,0.0,106.0,0.0,9,2025-09-01
Kota Banjar,2025,Oktober,87.0,3.0,90.0,0.03333333333333333,10,2025-10-01
Kota Banjar,2025,November,109.0,0.0,109.0,0.0,11,2025-11-01
Kota Banjar,2025,Desember,93.0,0.0,93.0,0.0,12,2025-12-01
Kota Bekasi,2025,Januari,1058.0,10.0,1068.0,0.009363295880149813,1,2025-01-01
Kota Bekasi,2025,Februari,1054.0,18.0,1072.0,0.016791044776119403,2,2025-02-01
Kota Bekasi,2025,Maret,936.0,10.0,946.0,0.010570824524312896,3,2025-03-01
Kota Bekasi,2025,April,1028.0,10.0,1038.0,0.009633911368015413,4,2025-04-01
Kota Bekasi,2025,Mei,1012.0,11.0,1023.0,0.010752688172043012,5,2025-05-01
Kota Bekasi,2025,Juni,931.0,15.0,946.0,0.015856236786469344,6,2025-06-01
Kota Bekasi,2025,Juli,1011.0,15.0,1026.0,0.014619883040935672,7,2025-07-01
Kota Bekasi,2025,Agustus,1082.0,13.0,1095.0,0.011872146118721462,8,2025-08-01
Kota Bekasi,2025,September,1170.0,16.0,1186.0,0.013490725126475547,9,2025-09-01
Kota Bekasi,2025,Oktober,1118.0,17.0,1135.0,0.014977973568281937,10,2025-10-01
Kota Bekasi,2025,November,1001.0,16.0,1017.0,0.015732546705998034,11,2025-11-01
Kota Bekasi,2025,Desember,877.0,18.0,895.0,0.02011173184357542,12,2025-12-01
Kota Bogor,2025,Januari,931.0,14.0,945.0,0.014814814814814815,1,2025-01-01
Kota Bogor,2025,Februari,990.0,14.0,1004.0,0.013944223107569721,2,2025-02-01
Kota Bogor,2025,Maret,754.0,18.0,772.0,0.023316062176165803,3,2025-03-01
Kota Bogor,2025,April,885.0,9.0,894.0,0.010067114093959731,4,2025-04-01
Kota Bogor,2025,Mei,887.0,13.0,900.0,0.014444444444444444,5,2025-05-01
Kota Bogor,2025,Juni,740.0,10.0,750.0,0.013333333333333334,6,2025-06-01
Kota Bogor,2025,Juli,924.0,15.0,939.0,0.01597444089456869,7,2025-07-01
Kota Bogor,2025,Agustus,865.0,15.0,880.0,0.017045454545454544,8,2025-08-01
Kota Bogor,2025,September,967.0,17.0,984.0,0.017276422764227643,9,2025-09-01
Kota Bogor,2025,Oktober,936.0,6.0,942.0,0.006369426751592357,10,2025-10-01
Kota Bogor,2025,November,819.0,11.0,830.0,0.01325301204819277,11,2025-11-01
Kota Bogor,2025,Desember,685.0,17.0,702.0,0.024216524216524215,12,2025-12-01
Kota Cimahi,2025,Januari,420.0,6.0,426.0,0.014084507042253521,1,2025-01-01
Kota Cimahi,2025,Februari,377.0,3.0,380.0,0.007894736842105263,2,2025-02-01
Kota Cimahi,2025,Maret,327.0,4.0,331.0,0.012084592145015106,3,2025-03-01
Kota Cimahi,2025,April,322.0,6.0,328.0,0.018292682926829267,4,2025-04-01
Kota Cimahi,2025,Mei,353.0,1.0,354.0,0.002824858757062147,5,2025-05-01
Kota Cimahi,2025,Juni,351.0,6.0,357.0,0.01680672268907563,6,2025-06-01
Kota Cimahi,2025,Juli,341.0,2.0,343.0,0.0058309037900874635,7,2025-07-01
Kota Cimahi,2025,Agustus,378.0,4.0,382.0,0.010471204188481676,8,2025-08-01
Kota Cimahi,2025,September,423.0,5.0,428.0,0.011682242990654205,9,2025-09-01
Kota Cimahi,2025,Oktober,394.0,2.0,396.0,0.005050505050505051,10,2025-10-01
Kota Cimahi,2025,November,370.0,2.0,372.0,0.005376344086021506,11,2025-11-01
Kota Cimahi,2025,Desember,335.0,2.0,337.0,0.005934718100890208,12,2025-12-01
Kota Cirebon,2025,Januari,303.0,4.0,307.0,0.013029315960912053,1,2025-01-01
Kota Cirebon,2025,Februari,304.0,4.0,308.0,0.012987012987012988,2,2025-02-01
Kota Cirebon,2025,Maret,313.0,6.0,319.0,0.018808777429467086,3,2025-03-01
Kota Cirebon,2025,April,332.0,4.0,336.0,0.011904761904761904,4,2025-04-01
Kota Cirebon,2025,Mei,273.0,3.0,276.0,0.010869565217391304,5,2025-05-01
Kota Cirebon,2025,Juni,281.0,3.0,284.0,0.01056338028169014,6,2025-06-01
Kota Cirebon,2025,Juli,336.0,2.0,338.0,0.005917159763313609,7,2025-07-01
Kota Cirebon,2025,Agustus,278.0,5.0,283.0,0.0176678445229682,8,2025-08-01
Kota Cirebon,2025,September,321.0,2.0,323.0,0.006191950464396285,9,2025-09-01
Kota Cirebon,2025,Oktober,425.0,2.0,427.0,0.00468384074941452,10,2025-10-01
Kota Cirebon,2025,November,277.0,2.0,279.0,0.007168458781362007,11,2025-11-01
Kota Cirebon,2025,Desember,260.0,6.0,266.0,0.022556390977443608,12,2025-12-01
Kota Depok,2025,Januari,761.0,14.0,775.0,0.01806451612903226,1,2025-01-01
Kota Depok,2025,Februari,651.0,6.0,657.0,0.0091324200913242,2,2025-02-01
Kota Depok,2025,Maret,633.0,10.0,643.0,0.015552099533437015,3,2025-03-01
Kota Depok,2025,April,655.0,13.0,668.0,0.019461077844311378,4,2025-04-01
Kota Depok,2025,Mei,572.0,4.0,576.0,0.006944444444444444,5,2025-05-01
Kota Depok,2025,Juni,664.0,9.0,673.0,0.01337295690936107,6,2025-06-01
Kota Depok,2025,Juli,719.0,5.0,724.0,0.006906077348066298,7,2025-07-01
Kota Depok,2025,Agustus,699.0,6.0,705.0,0.00851063829787234,8,2025-08-01
Kota Depok,2025,September,810.0,7.0,817.0,0.008567931456548347,9,2025-09-01
Kota Depok,2025,Oktober,842.0,8.0,850.0,0.009411764705882352,10,2025-10-01
Kota Depok,2025,November,672.0,11.0,683.0,0.016105417276720352,11,2025-11-01
Kota Depok,2025,Desember,594.0,13.0,607.0,0.0214168039538715,12,2025-12-01
Kota Sukabumi,2025,Januari,261.0,4.0,265.0,0.01509433962264151,1,2025-01-01
Kota Sukabumi,2025,Februari,268.0,5.0,273.0,0.018315018315018316,2,2025-02-01
Kota Sukabumi,2025,Maret,264.0,1.0,265.0,0.0037735849056603774,3,2025-03-01
Kota Sukabumi,2025,April,239.0,3.0,242.0,0.012396694214876033,4,2025-04-01
Kota Sukabumi,2025,Mei,250.0,2.0,252.0,0.007936507936507936,5,2025-05-01
Kota Sukabumi,2025,Juni,269.0,6.0,275.0,0.02181818181818182,6,2025-06-01
Kota Sukabumi,2025,Juli,298.0,3.0,301.0,0.009966777408637873,7,2025-07-01
Kota Sukabumi,2025,Agustus,264.0,3.0,267.0,0.011235955056179775,8,2025-08-01
Kota Sukabumi,2025,September,304.0,7.0,311.0,0.022508038585209004,9,2025-09-01
Kota Sukabumi,2025,Oktober,354.0,8.0,362.0,0.022099447513812154,10,2025-10-01
Kota Sukabumi,2025,November,291.0,4.0,295.0,0.013559322033898305,11,2025-11-01
Kota Sukabumi,2025,Desember,344.0,7.0,351.0,0.019943019943019943,12,2025-12-01
Kota Tasikmalaya,2025,Januari,393.0,8.0,401.0,0.0199501246882793,1,2025-01-01
Kota Tasikmalaya,2025,Februari,398.0,9.0,407.0,0.022113022113022112,2,2025-02-01
Kota Tasikmalaya,2025,Maret,309.0,6.0,315.0,0.01904761904761905,3,2025-03-01
Kota Tasikmalaya,2025,April,384.0,2.0,386.0,0.0051813471502590676,4,2025-04-01
Kota Tasikmalaya,2025,Mei,368.0,5.0,373.0,0.013404825737265416,5,2025-05-01
Kota Tasikmalaya,2025,Juni,276.0,7.0,283.0,0.024734982332155476,6,2025-06-01
Kota Tasikmalaya,2025,Juli,340.0,4.0,344.0,0.011627906976744186,7,2025-07-01
Kota Tasikmalaya,2025,Agustus,370.0,8.0,378.0,0.021164021164021163,8,2025-08-01
Kota Tasikmalaya,2025,September,343.0,5.0,348.0,0.014367816091954023,9,2025-09-01
Kota Tasikmalaya,2025,Oktober,359.0,0.0,359.0,0.0,10,2025-10-01
Kota Tasikmalaya,2025,November,308.0,3.0,311.0,0.00964630225080386,11,2025-11-01
Kota Tasikmalaya,2025,Desember,320.0,7.0,327.0,0.021406727828746176,12,2025-12-01
